7,42,ok/hlause00001.txt
6,38,ok/hlause00004.txt
12,58,ok/hlause00021.txt
4,28,ok/hlause00022.txt
4,29,ok/hlause00023.txt
5,25,ok/hlause00025.txt
5,27,ok/hlause00026.txt
5,33,ok/hlause00029.txt
4,24,ok/hlause00032.txt
10,63,ok/hlause00035.txt
7,35,ok/hlause00037.txt
9,66,ok/hlause00048.txt
4,18,ok/hlause00054.txt
5,30,ok/hlause00058.txt
5,46,ok/hlause00060.txt
9,47,ok/hlause00063.txt
5,25,ok/hlause00064.txt
9,53,ok/hlause00073.txt
6,29,ok/hlause00081.txt
11,78,ok/hlause00084.txt
6,46,ok/hlause00085.txt
7,39,ok/hlause00088.txt
5,30,ok/hlause00091.txt
6,41,ok/hlause00092.txt
3,19,ok/hlause00098.txt
5,31,ok/hlause00099.txt
5,30,ok/hlause00100.txt
4,26,ok/hlause00110.txt
9,54,ok/hlause00112.txt
3,18,ok/hlause00114.txt
7,41,ok/hlause00116.txt
16,90,ok/hlause00117.txt
8,41,ok/hlause00123.txt
14,87,ok/hlause00124.txt
13,75,ok/hlause00125.txt
16,90,ok/hlause00126.txt
7,49,ok/hlause00132.txt
5,27,ok/hlause00136.txt
6,39,ok/hlause00142.txt
10,60,ok/hlause00146.txt
8,51,ok/hlause00149.txt
3,16,ok/hlause00163.txt
10,57,ok/hlause00168.txt
7,49,ok/hlause00180.txt
3,15,ok/hlause00183.txt
10,55,ok/hlause00188.txt
6,24,ok/hlause00189.txt
7,37,ok/hlause00190.txt
7,46,ok/hlause00194.txt
4,18,ok/hlause00198.txt
7,37,ok/hlause00199.txt
9,51,ok/hlause00200.txt
5,23,ok/hlause00208.txt
4,15,ok/hlause00209.txt
5,28,ok/hlause00211.txt
5,29,ok/hlause00217.txt
6,33,ok/hlause00221.txt
6,31,ok/hlause00222.txt
5,29,ok/hlause00229.txt
4,18,ok/hlause00231.txt
6,35,ok/hlause00232.txt
11,54,ok/hlause00235.txt
3,17,ok/hlause00237.txt
5,21,ok/hlause00241.txt
3,19,ok/hlause00242.txt
6,33,ok/hlause00244.txt
7,38,ok/hlause00246.txt
23,131,ok/hlause00247.txt
2,12,ok/hlause00248.txt
3,23,ok/hlause00253.txt
7,35,ok/hlause00256.txt
7,45,ok/hlause00261.txt
4,22,ok/hlause00263.txt
5,30,ok/hlause00272.txt
6,46,ok/hlause00274.txt
2,16,ok/hlause00278.txt
8,37,ok/hlause00280.txt
3,18,ok/hlause00282.txt
5,36,ok/hlause00283.txt
12,68,ok/hlause00284.txt
3,20,ok/hlause00286.txt
9,56,ok/hlause00288.txt
22,146,ok/hlause00290.txt
5,27,ok/hlause00293.txt
11,60,ok/hlause00294.txt
11,57,ok/hlause00314.txt
3,21,ok/hlause00318.txt
4,15,ok/hlause00320.txt
6,40,ok/hlause00326.txt
5,30,ok/hlause00331.txt
2,13,ok/hlause00333.txt
9,49,ok/hlause00340.txt
12,63,ok/hlause00344.txt
11,64,ok/hlause00349.txt
11,62,ok/hlause00355.txt
8,41,ok/hlause00358.txt
10,66,ok/hlause00363.txt
3,13,ok/hlause00366.txt
6,31,ok/hlause00367.txt
8,65,ok/hlause00375.txt
14,90,ok/hlause00376.txt
17,96,ok/hlause00379.txt
4,21,ok/hlause00383.txt
3,22,ok/hlause00384.txt
6,38,ok/hlause00386.txt
8,44,ok/hlause00388.txt
7,44,ok/hlause00389.txt
2,12,ok/hlause00394.txt
2,10,ok/hlause00397.txt
7,49,ok/hlause00400.txt
7,42,ok/hlause00403.txt
2,7,ok/hlause00404.txt
5,26,ok/hlause00405.txt
5,28,ok/hlause00407.txt
2,11,ok/hlause00409.txt
13,64,ok/hlause00419.txt
16,92,ok/hlause00423.txt
6,32,ok/hlause00425.txt
5,27,ok/hlause00426.txt
7,44,ok/hlause00433.txt
4,24,ok/hlause00437.txt
5,27,ok/hlause00442.txt
3,13,ok/hlause00451.txt
4,19,ok/hlause00452.txt
3,11,ok/hlause00455.txt
4,24,ok/hlause00457.txt
20,110,ok/hlause00461.txt
5,28,ok/hlause00463.txt
10,60,ok/hlause00471.txt
9,48,ok/hlause00472.txt
5,27,ok/hlause00474.txt
9,51,ok/hlause00486.txt
6,34,ok/hlause00490.txt
18,107,ok/hlause00492.txt
3,17,ok/hlause00499.txt
3,18,ok/hlause00504.txt
6,38,ok/hlause00505.txt
3,12,ok/hlause00506.txt
6,35,ok/hlause00509.txt
16,87,ok/hlause00510.txt
7,36,ok/hlause00513.txt
13,66,ok/hlause00514.txt
3,12,ok/hlause00518.txt
6,29,ok/hlause00519.txt
16,79,ok/hlause00529.txt
2,13,ok/hlause00530.txt
2,16,ok/hlause00531.txt
3,16,ok/hlause00532.txt
3,21,ok/hlause00533.txt
8,63,ok/hlause00534.txt
4,24,ok/hlause00542.txt
6,32,ok/hlause00543.txt
3,23,ok/hlause00544.txt
3,15,ok/hlause00545.txt
3,19,ok/hlause00547.txt
7,35,ok/hlause00552.txt
3,13,ok/hlause00556.txt
5,31,ok/hlause00557.txt
3,19,ok/hlause00564.txt
6,35,ok/hlause00570.txt
5,36,ok/hlause00572.txt
4,29,ok/hlause00573.txt
4,17,ok/hlause00575.txt
3,20,ok/hlause00576.txt
6,38,ok/hlause00578.txt
6,28,ok/hlause00580.txt
18,113,ok/hlause00583.txt
5,30,ok/hlause00589.txt
5,29,ok/hlause00590.txt
3,18,ok/hlause00602.txt
3,14,ok/hlause00603.txt
5,32,ok/hlause00604.txt
9,50,ok/hlause00609.txt
3,26,ok/hlause00610.txt
16,83,ok/hlause00613.txt
15,78,ok/hlause00615.txt
4,14,ok/hlause00622.txt
3,19,ok/hlause00627.txt
7,37,ok/hlause00633.txt
5,28,ok/hlause00634.txt
8,45,ok/hlause00635.txt
4,28,ok/hlause00638.txt
15,91,ok/hlause00645.txt
6,32,ok/hlause00646.txt
16,90,ok/hlause00648.txt
4,33,ok/hlause00650.txt
3,21,ok/hlause00655.txt
13,84,ok/hlause00656.txt
9,47,ok/hlause00659.txt
6,27,ok/hlause00665.txt
2,14,ok/hlause00668.txt
12,61,ok/hlause00673.txt
2,13,ok/hlause00674.txt
6,34,ok/hlause00678.txt
3,15,ok/hlause00681.txt
4,20,ok/hlause00683.txt
2,13,ok/hlause00705.txt
6,32,ok/hlause00708.txt
4,17,ok/hlause00709.txt
4,18,ok/hlause00721.txt
2,11,ok/hlause00726.txt
3,21,ok/hlause00731.txt
30,177,ok/hlause00734.txt
1,11,ok/hlause00735.txt
6,36,ok/hlause00738.txt
5,27,ok/hlause00746.txt
4,22,ok/hlause00748.txt
3,13,ok/hlause00750.txt
2,11,ok/hlause00752.txt
5,22,ok/hlause00756.txt
3,15,ok/hlause00763.txt
4,19,ok/hlause00765.txt
10,60,ok/hlause00766.txt
8,46,ok/hlause00768.txt
5,34,ok/hlause00771.txt
10,54,ok/hlause00773.txt
3,35,ok/hlause00774.txt
11,73,ok/hlause00776.txt
5,31,ok/hlause00780.txt
4,22,ok/hlause00781.txt
5,27,ok/hlause00785.txt
7,38,ok/hlause00786.txt
9,55,ok/hlause00788.txt
2,14,ok/hlause00793.txt
3,15,ok/hlause00794.txt
3,10,ok/hlause00795.txt
3,14,ok/hlause00796.txt
3,21,ok/hlause00798.txt
6,41,ok/hlause00800.txt
3,22,ok/hlause00911.txt
8,34,ok/hlause00912.txt
9,47,ok/hlause00928.txt
4,19,ok/hlause00934.txt
4,24,ok/hlause00940.txt
2,9,ok/hlause00941.txt
5,21,ok/hlause00942.txt
3,20,ok/hlause00945.txt
5,31,ok/hlause00947.txt
2,13,ok/hlause00957.txt
9,45,ok/hlause00958.txt
15,84,ok/hlause00965.txt
4,22,ok/hlause00967.txt
7,44,ok/hlause00969.txt
4,24,ok/hlause00971.txt
5,32,ok/hlause00974.txt
6,38,ok/hlause00976.txt
2,11,ok/hlause00977.txt
3,12,ok/hlause00980.txt
6,36,ok/hlause00981.txt
3,17,ok/hlause00983.txt
9,68,ok/hlause00995.txt
2,11,ok/hlause00997.txt
9,54,ok/hlause00999.txt
4,26,ok/hlause01001.txt
6,33,ok/hlause01003.txt
4,24,ok/hlause01004.txt
3,24,ok/hlause01005.txt
25,140,ok/hlause01006.txt
11,52,ok/hlause01010.txt
7,44,ok/hlause01014.txt
5,23,ok/hlause01016.txt
2,11,ok/hlause01020.txt
5,26,ok/hlause01027.txt
4,18,ok/hlause01034.txt
4,18,ok/hlause01035.txt
8,55,ok/hlause01036.txt
5,24,ok/hlause01039.txt
25,142,ok/hlause01040.txt
4,30,ok/hlause01045.txt
6,32,ok/hlause01055.txt
7,36,ok/hlause01056.txt
14,75,ok/hlause01058.txt
2,16,ok/hlause01064.txt
11,69,ok/hlause01065.txt
4,27,ok/hlause01067.txt
3,16,ok/hlause01070.txt
4,27,ok/hlause01073.txt
4,19,ok/hlause01074.txt
3,13,ok/hlause01076.txt
2,17,ok/hlause01077.txt
3,18,ok/hlause01082.txt
12,66,ok/hlause01083.txt
8,48,ok/hlause01084.txt
2,11,ok/hlause01085.txt
3,14,ok/hlause01086.txt
6,34,ok/hlause01092.txt
2,11,ok/hlause01094.txt
4,18,ok/hlause01097.txt
3,15,ok/hlause01101.txt
9,44,ok/hlause01103.txt
4,26,ok/hlause01106.txt
7,59,ok/hlause01108.txt
7,38,ok/hlause01110.txt
7,44,ok/hlause01117.txt
7,40,ok/hlause01120.txt
12,60,ok/hlause01122.txt
7,38,ok/hlause01124.txt
11,59,ok/hlause01132.txt
10,57,ok/hlause01134.txt
9,53,ok/hlause01143.txt
7,50,ok/hlause01146.txt
7,35,ok/hlause01153.txt
11,55,ok/hlause01154.txt
4,15,ok/hlause01158.txt
3,13,ok/hlause01161.txt
6,24,ok/hlause01163.txt
3,12,ok/hlause01175.txt
4,27,ok/hlause01177.txt
9,52,ok/hlause01180.txt
5,24,ok/hlause01181.txt
3,12,ok/hlause01182.txt
12,74,ok/hlause01183.txt
7,31,ok/hlause01186.txt
3,19,ok/hlause01188.txt
19,116,ok/hlause01189.txt
2,11,ok/hlause01190.txt
3,16,ok/hlause01193.txt
6,28,ok/hlause01195.txt
3,22,ok/hlause01196.txt
4,27,ok/hlause01208.txt
9,46,ok/hlause01211.txt
3,16,ok/hlause01214.txt
2,17,ok/hlause01215.txt
6,32,ok/hlause01219.txt
8,56,ok/hlause01224.txt
4,17,ok/hlause01225.txt
3,22,ok/hlause01227.txt
16,91,ok/hlause01232.txt
4,33,ok/hlause01234.txt
5,30,ok/hlause01236.txt
9,57,ok/hlause01237.txt
9,63,ok/hlause01239.txt
3,20,ok/hlause01240.txt
11,65,ok/hlause01241.txt
5,34,ok/hlause01247.txt
19,155,ok/hlause01249.txt
9,38,ok/hlause01254.txt
2,14,ok/hlause01255.txt
5,30,ok/hlause01259.txt
15,108,ok/hlause01271.txt
7,42,ok/hlause01279.txt
6,40,ok/hlause01282.txt
4,20,ok/hlause01283.txt
4,28,ok/hlause01294.txt
2,11,ok/hlause01296.txt
6,35,ok/hlause01298.txt
17,99,ok/hlause01304.txt
4,22,ok/hlause01306.txt
24,145,ok/hlause01308.txt
8,43,ok/hlause01312.txt
4,20,ok/hlause01315.txt
6,31,ok/hlause01316.txt
6,27,ok/hlause01319.txt
6,31,ok/hlause01329.txt
8,37,ok/hlause01332.txt
3,16,ok/hlause01333.txt
10,63,ok/hlause01338.txt
5,24,ok/hlause01348.txt
9,47,ok/hlause01349.txt
5,27,ok/hlause01350.txt
4,23,ok/hlause01355.txt
4,22,ok/hlause01367.txt
5,24,ok/hlause01368.txt
3,19,ok/hlause01369.txt
3,12,ok/hlause01372.txt
4,20,ok/hlause01376.txt
7,49,ok/hlause01380.txt
3,21,ok/hlause01384.txt
13,69,ok/hlause01398.txt
2,13,ok/hlause01399.txt
5,28,ok/hlause01402.txt
4,16,ok/hlause01405.txt
2,16,ok/hlause01407.txt
4,18,ok/hlause01408.txt
5,26,ok/hlause01410.txt
7,40,ok/hlause01412.txt
5,29,ok/hlause01414.txt
3,23,ok/hlause01416.txt
6,35,ok/hlause01417.txt
7,45,ok/hlause01423.txt
16,128,ok/hlause01433.txt
9,59,ok/hlause01435.txt
5,29,ok/hlause01436.txt
4,24,ok/hlause01439.txt
2,15,ok/hlause01466.txt
4,31,ok/hlause01470.txt
4,26,ok/hlause01471.txt
2,19,ok/hlause01478.txt
5,30,ok/hlause01480.txt
6,31,ok/hlause01488.txt
3,17,ok/hlause01491.txt
2,10,ok/hlause01497.txt
8,50,ok/hlause01498.txt
9,52,ok/hlause01501.txt
4,21,ok/hlause01509.txt
3,16,ok/hlause01510.txt
5,24,ok/hlause01513.txt
5,25,ok/hlause01518.txt
7,38,ok/hlause01519.txt
5,29,ok/hlause01522.txt
12,70,ok/hlause01529.txt
6,29,ok/hlause01530.txt
5,38,ok/hlause01532.txt
7,40,ok/hlause01540.txt
5,26,ok/hlause01546.txt
2,12,ok/hlause01549.txt
7,39,ok/hlause01551.txt
2,14,ok/hlause01555.txt
3,19,ok/hlause01556.txt
7,43,ok/hlause01570.txt
3,15,ok/hlause01575.txt
3,21,ok/hlause01580.txt
12,69,ok/hlause01586.txt
6,44,ok/hlause01594.txt
6,30,ok/hlause01595.txt
3,20,ok/hlause01599.txt
6,30,ok/hlause01604.txt
6,29,ok/hlause01611.txt
5,25,ok/hlause01613.txt
4,24,ok/hlause01616.txt
5,31,ok/hlause01619.txt
13,78,ok/hlause01621.txt
4,21,ok/hlause01623.txt
3,17,ok/hlause01627.txt
4,24,ok/hlause01632.txt
5,22,ok/hlause01633.txt
10,52,ok/hlause01637.txt
5,29,ok/hlause01651.txt
1,4,ok/hlause01652.txt
3,15,ok/hlause01653.txt
4,27,ok/hlause01654.txt
6,35,ok/hlause01657.txt
3,16,ok/hlause01659.txt
12,73,ok/hlause01663.txt
3,17,ok/hlause01666.txt
3,19,ok/hlause01667.txt
2,15,ok/hlause01668.txt
7,35,ok/hlause01672.txt
5,28,ok/hlause01674.txt
5,22,ok/hlause01675.txt
7,49,ok/hlause01678.txt
4,17,ok/hlause01681.txt
4,30,ok/hlause01686.txt
4,19,ok/hlause01692.txt
8,45,ok/hlause01694.txt
19,92,ok/hlause01700.txt
2,12,ok/hlause01702.txt
5,22,ok/hlause01711.txt
5,27,ok/hlause01712.txt
7,44,ok/hlause01717.txt
11,57,ok/hlause01728.txt
12,68,ok/hlause01729.txt
7,41,ok/hlause01731.txt
10,53,ok/hlause01736.txt
4,18,ok/hlause01740.txt
8,44,ok/hlause01743.txt
5,28,ok/hlause01753.txt
7,39,ok/hlause01757.txt
8,43,ok/hlause01758.txt
3,13,ok/hlause01762.txt
4,30,ok/hlause01767.txt
5,28,ok/hlause01770.txt
3,18,ok/hlause01771.txt
3,16,ok/hlause01772.txt
7,35,ok/hlause01776.txt
6,36,ok/hlause01777.txt
2,11,ok/hlause01780.txt
7,34,ok/hlause01789.txt
4,22,ok/hlause01805.txt
1,12,ok/hlause01810.txt
4,15,ok/hlause01813.txt
8,47,ok/hlause01814.txt
3,20,ok/hlause01816.txt
1,4,ok/hlause01817.txt
9,52,ok/hlause01823.txt
9,65,ok/hlause01828.txt
6,32,ok/hlause01829.txt
9,60,ok/hlause01832.txt
2,16,ok/hlause01833.txt
10,59,ok/hlause01834.txt
5,32,ok/hlause01835.txt
7,32,ok/hlause01844.txt
26,144,ok/hlause01846.txt
5,27,ok/hlause01847.txt
4,18,ok/hlause01848.txt
8,50,ok/hlause01863.txt
7,35,ok/hlause01864.txt
12,65,ok/hlause01865.txt
5,33,ok/hlause01877.txt
6,33,ok/hlause01879.txt
10,68,ok/hlause01881.txt
3,12,ok/hlause01882.txt
4,21,ok/hlause01884.txt
3,21,ok/hlause01888.txt
9,45,ok/hlause01895.txt
10,49,ok/hlause01897.txt
7,48,ok/hlause01899.txt
19,117,ok/hlause01906.txt
5,28,ok/hlause01908.txt
5,30,ok/hlause01913.txt
4,15,ok/hlause01922.txt
6,31,ok/hlause01927.txt
6,26,ok/hlause01928.txt
6,25,ok/hlause01930.txt
7,46,ok/hlause01933.txt
7,37,ok/lauseL0001.txt
8,44,ok/lauseL0002.txt
9,52,ok/lauseL0003.txt
2,11,ok/lauseL0004.txt
11,69,ok/lauseL0005.txt
2,14,ok/lauseL0006.txt
3,14,ok/lauseL0007.txt
3,13,ok/lauseM0001.txt
8,43,ok/lauseM0002.txt
2,14,ok/lauseM0003.txt
4,23,ok/lauseM0004.txt
8,42,ok/lauseM0005.txt
2,11,ok/lauseM0006.txt
2,20,ok/lauseM0007.txt
22,137,ok/lauseM0008.txt
3,16,ok/lauseM0009.txt
7,42,ok/lauseM0010.txt
4,28,ok/lauseM0011.txt
13,87,ok/lauseM0012.txt
7,33,ok/lauseM0013.txt
4,29,ok/lauseM0014.txt
6,40,ok/lauseM0015.txt
5,29,ok/lauseM0016.txt
26,147,ok/lauseM0017.txt
8,37,ok/lauseM0018.txt
15,108,ok/lauseM0019.txt
5,38,ok/lauseM0020.txt
4,28,ok/lauseM0021.txt
4,25,ok/lauseM0022.txt
6,35,ok/lauseM0023.txt
2,16,ok/lauseM0024.txt
4,21,ok/lauseM0025.txt
5,37,ok/lauseM0026.txt
9,69,ok/lauseM0027.txt
5,36,ok/lauseM0028.txt
8,56,ok/lauseM0029.txt
2,15,ok/lauseM0030.txt
5,28,ok/lauseM0031.txt
11,87,ok/lauseM0032.txt
3,14,ok/lauseM0033.txt
11,71,ok/lauseM0034.txt
7,49,ok/lauseM0035.txt
21,136,ok/lauseM0036.txt
12,73,ok/lauseM0037.txt
2,18,ok/lauseM0038.txt
8,50,ok/lauseM0039.txt
11,65,ok/lauseM0040.txt
9,48,ok/lauseM0041.txt
27,155,ok/lauseM0042.txt
7,31,ok/lauseM0043.txt
6,30,ok/lauseM0044.txt
7,43,ok/lauseM0045.txt
24,151,ok/lauseM0046.txt
3,25,ok/lauseM0047.txt
7,33,ok/lauseM0048.txt
5,24,ok/lauseM0049.txt
7,30,ok/lauseM0050.txt
5,31,ok/lauseM0051.txt
1,6,ok/lauseM0052.txt
3,18,ok/lauseM0053.txt
8,40,ok/lauseM0054.txt
3,15,ok/lauseM0055.txt
5,28,ok/lauseM0056.txt
16,92,ok/lauseM0057.txt
11,88,ok/lauseM0058.txt
6,42,ok/lauseM0059.txt
15,71,ok/lauseM0060.txt
4,29,ok/lauseM0061.txt
3,15,ok/lauseM0062.txt
2,12,ok/lauseM0063.txt
16,97,ok/lauseM0064.txt
4,22,ok/lauseM0065.txt
9,52,ok/lauseM0066.txt
4,27,ok/lauseM0067.txt
6,44,ok/lauseM0068.txt
6,37,ok/lauseM0069.txt
6,45,ok/lauseM0070.txt
7,39,ok/lauseM0071.txt
12,68,ok/lauseM0072.txt
2,13,ok/lauseM0073.txt
2,14,ok/lauseM0074.txt
2,23,ok/lauseM0075.txt
1,9,ok/lauseM0076.txt
5,37,ok/lauseM0077.txt
3,21,ok/lauseM0078.txt
4,19,ok/lauseM0079.txt
11,75,ok/lauseM0080.txt
8,41,ok/lauseM0081.txt
12,77,ok/lauseM0082.txt
8,37,ok/lauseM0083.txt
3,21,ok/lauseM0084.txt
6,39,ok/lauseM0085.txt
6,32,ok/lauseM0086.txt
9,54,ok/lauseM0087.txt
5,40,ok/lauseM0088.txt
2,11,ok/lauseM0089.txt
1,7,ok/lauseM0090.txt
11,68,ok/lauseM0091.txt
4,29,ok/lauseM0092.txt
4,20,ok/lauseM0093.txt
3,16,ok/lauseM0094.txt
13,74,ok/lauseM0095.txt
2,12,ok/lauseM0096.txt
1,10,ok/lauseM0097.txt
4,21,ok/lauseM0098.txt
4,25,ok/lauseM0099.txt
6,35,ok/lauseM0100.txt
6,28,ok/lauseM0101.txt
4,29,ok/lauseM0102.txt
4,27,ok/lauseM0103.txt
11,63,ok/lauseM0104.txt
11,68,ok/lauseM0105.txt
4,29,ok/lauseM0106.txt
4,18,ok/lauseM0107.txt
12,91,ok/lauseM0108.txt
12,63,ok/lauseM0109.txt
3,18,ok/lauseM0110.txt
5,40,ok/lauseM0111.txt
16,105,ok/lauseM0112.txt
7,41,ok/lauseM0113.txt
7,47,ok/lauseM0114.txt
11,75,ok/lauseM0115.txt
20,131,ok/lauseM0116.txt
1,5,ok/lauseM0117.txt
19,117,ok/lauseM0118.txt
1,9,ok/lauseM0119.txt
5,22,ok/lauseM0120.txt
6,32,ok/lauseM0121.txt
7,43,ok/lauseM0122.txt
6,35,ok/lauseM0123.txt
3,17,ok/lauseM0124.txt
9,41,ok/lauseM0125.txt
2,13,ok/lauseM0126.txt
11,76,ok/lauseM0127.txt
6,41,ok/lauseM0128.txt
2,19,ok/lauseM0129.txt
8,41,ok/lauseM0130.txt
3,20,ok/lauseM0131.txt
2,13,ok/lauseM0132.txt
25,146,ok/lauseM0133.txt
22,149,ok/lauseM0134.txt
5,31,ok/lauseM0135.txt
4,20,ok/lauseM0136.txt
6,40,ok/lauseM0137.txt
5,33,ok/lauseM0138.txt
1,15,ok/lauseM0139.txt
5,43,ok/lauseM0140.txt
4,27,ok/lauseM0141.txt
10,54,ok/lauseM0142.txt
8,50,ok/lauseM0143.txt
4,26,ok/lauseM0144.txt
9,66,ok/lauseM0145.txt
6,34,ok/lauseM0146.txt
4,26,ok/lauseM0147.txt
6,38,ok/lauseM0148.txt
3,18,ok/lauseM0149.txt
10,67,ok/lauseM0150.txt
9,53,ok/lauseM0151.txt
7,53,ok/lauseM0152.txt
5,31,ok/lauseM0153.txt
25,142,ok/lauseM0154.txt
6,36,ok/lauseM0155.txt
11,60,ok/lauseM0156.txt
7,41,ok/lauseM0157.txt
4,32,ok/lauseM0158.txt
11,75,ok/lauseM0159.txt
4,29,ok/lauseM0160.txt
1,5,ok/lauseM0161.txt
6,28,ok/lauseM0162.txt
5,26,ok/lauseM0163.txt
2,13,ok/lauseM0164.txt
7,40,ok/lauseM0165.txt
11,67,ok/lauseM0166.txt
4,26,ok/lauseM0167.txt
9,59,ok/lauseM0168.txt
1,4,ok/lauseM0169.txt
12,84,ok/lauseM0170.txt
4,23,ok/lauseM0171.txt
4,32,ok/lauseM0172.txt
7,35,ok/lauseM0173.txt
2,13,ok/lauseM0174.txt
6,33,ok/lauseM0175.txt
4,27,ok/lauseM0176.txt
11,81,ok/lauseM0177.txt
7,62,ok/lauseM0178.txt
5,32,ok/lauseM0179.txt
17,105,ok/lauseM0180.txt
2,11,ok/lauseM0181.txt
5,37,ok/lauseM0182.txt
12,74,ok/lauseM0183.txt
8,50,ok/lauseM0184.txt
8,40,ok/lauseM0185.txt
4,23,ok/lauseM0186.txt
11,64,ok/lauseM0187.txt
6,48,ok/lauseM0188.txt
10,84,ok/lauseM0189.txt
3,17,ok/lauseM0190.txt
22,112,ok/lauseM0191.txt
21,114,ok/lauseM0192.txt
5,30,ok/lauseM0193.txt
8,42,ok/lauseM0194.txt
8,68,ok/lauseM0195.txt
1,10,ok/lauseM0196.txt
7,40,ok/lauseM0197.txt
11,61,ok/lauseM0198.txt
4,25,ok/lauseM0199.txt
32,183,ok/lauseM0200.txt
7,44,ok/lauseM0201.txt
17,107,ok/lauseM0202.txt
3,21,ok/lauseM0203.txt
5,32,ok/lauseM0204.txt
6,34,ok/lauseM0205.txt
3,16,ok/lauseM0206.txt
8,48,ok/lauseM0207.txt
8,52,ok/lauseM0208.txt
5,28,ok/lauseM0209.txt
9,56,ok/lauseM0210.txt
3,12,ok/lauseM0211.txt
5,25,ok/lauseM0212.txt
6,37,ok/lauseM0213.txt
5,29,ok/lauseM0214.txt
6,33,ok/lauseM0215.txt
5,33,ok/lauseM0216.txt
5,35,ok/lauseM0217.txt
21,129,ok/lauseM0218.txt
17,100,ok/lauseM0219.txt
1,7,ok/lauseM0220.txt
6,34,ok/lauseM0221.txt
7,64,ok/lauseM0222.txt
2,11,ok/lauseM0223.txt
7,54,ok/lauseM0224.txt
7,43,ok/lauseM0225.txt
9,68,ok/lauseM0226.txt
12,58,ok/lauseM0227.txt
7,49,ok/lauseM0228.txt
8,40,ok/lauseM0229.txt
5,26,ok/lauseM0230.txt
1,9,ok/lauseM0231.txt
15,82,ok/lauseM0232.txt
6,29,ok/lauseM0233.txt
10,60,ok/lauseM0234.txt
7,57,ok/lauseM0235.txt
3,20,ok/lauseM0236.txt
4,28,ok/lauseM0237.txt
6,37,ok/lauseM0238.txt
19,125,ok/lauseM0239.txt
3,16,ok/lauseM0240.txt
4,29,ok/lauseM0241.txt
13,92,ok/lauseM0242.txt
9,49,ok/lauseM0243.txt
1,5,ok/lauseM0244.txt
9,55,ok/lauseM0245.txt
4,30,ok/lauseM0246.txt
10,74,ok/lauseM0247.txt
10,66,ok/lauseM0248.txt
13,67,ok/lauseM0249.txt
8,52,ok/lauseM0250.txt
4,17,ok/lauseM0251.txt
3,16,ok/lauseM0252.txt
6,35,ok/lauseM0253.txt
4,20,ok/lauseM0254.txt
5,34,ok/lauseM0255.txt
3,18,ok/lauseM0256.txt
3,15,ok/lauseM0257.txt
4,37,ok/lauseM0258.txt
6,28,ok/lauseM0259.txt
12,70,ok/lauseM0260.txt
3,19,ok/lauseM0261.txt
2,9,ok/lauseM0262.txt
6,43,ok/lauseM0263.txt
12,79,ok/lauseM0264.txt
6,49,ok/lauseM0265.txt
3,17,ok/lauseM0266.txt
2,12,ok/lauseM0267.txt
9,58,ok/lauseM0268.txt
4,28,ok/lauseM0269.txt
7,57,ok/lauseM0270.txt
6,46,ok/lauseM0271.txt
3,17,ok/lauseM0272.txt
3,20,ok/lauseM0273.txt
3,22,ok/lauseM0274.txt
3,16,ok/lauseM0275.txt
5,25,ok/lauseM0276.txt
8,49,ok/lauseM0277.txt
18,105,ok/lauseM0278.txt
7,44,ok/lauseM0279.txt
7,38,ok/lauseM0280.txt
13,84,ok/lauseM0281.txt
2,13,ok/lauseM0282.txt
4,44,ok/lauseM0283.txt
30,179,ok/lauseM0284.txt
1,5,ok/lauseM0285.txt
4,22,ok/lauseM0286.txt
7,39,ok/lauseM0287.txt
3,17,ok/lauseM0288.txt
12,68,ok/lauseM0289.txt
3,16,ok/lauseM0290.txt
8,52,ok/lauseM0291.txt
11,75,ok/lauseM0292.txt
10,54,ok/lauseM0293.txt
1,8,ok/lauseM0294.txt
5,47,ok/lauseM0295.txt
6,42,ok/lauseM0296.txt
5,31,ok/lauseM0297.txt
12,75,ok/lauseM0298.txt
3,21,ok/lauseM0299.txt
3,16,ok/lauseM0300.txt
7,52,ok/lauseM0301.txt
7,54,ok/lauseM0302.txt
13,81,ok/lauseM0303.txt
7,39,ok/lauseM0304.txt
7,39,ok/lauseM0305.txt
5,41,ok/lauseM0306.txt
6,43,ok/lauseM0307.txt
11,66,ok/lauseM0308.txt
2,12,ok/lauseM0309.txt
1,6,ok/lauseM0310.txt
4,21,ok/lauseM0311.txt
10,51,ok/lauseM0312.txt
17,111,ok/lauseM0313.txt
31,217,ok/lauseM0314.txt
16,87,ok/lauseM0315.txt
5,42,ok/lauseM0316.txt
2,11,ok/lauseM0317.txt
5,27,ok/lauseM0318.txt
5,30,ok/lauseM0319.txt
3,16,ok/lauseM0320.txt
19,115,ok/lauseM0321.txt
4,21,ok/lauseM0322.txt
4,31,ok/lauseM0323.txt
6,35,ok/lauseM0324.txt
2,11,ok/lauseM0325.txt
2,9,ok/lauseM0326.txt
3,15,ok/lauseM0327.txt
2,28,ok/lauseM0328.txt
3,23,ok/lauseM0329.txt
14,78,ok/lauseM0330.txt
8,46,ok/lauseM0331.txt
2,11,ok/lauseM0332.txt
1,6,ok/lauseM0333.txt
10,73,ok/lauseM0334.txt
5,24,ok/lauseM0335.txt
11,65,ok/lauseM0336.txt
1,12,ok/lauseM0337.txt
5,44,ok/lauseM0338.txt
4,21,ok/lauseM0339.txt
18,98,ok/lauseM0340.txt
5,29,ok/lauseM0341.txt
6,38,ok/lauseM0342.txt
5,29,ok/lauseM0343.txt
3,15,ok/lauseM0344.txt
14,66,ok/lauseM0345.txt
4,19,ok/lauseM0346.txt
8,53,ok/lauseM0347.txt
10,51,ok/lauseM0348.txt
5,24,ok/lauseM0349.txt
5,35,ok/lauseM0350.txt
5,40,ok/lauseM0351.txt
6,41,ok/lauseM0352.txt
4,20,ok/lauseM0353.txt
6,30,ok/lauseM0354.txt
4,23,ok/lauseM0355.txt
3,20,ok/lauseM0356.txt
6,33,ok/lauseM0357.txt
3,25,ok/lauseM0358.txt
9,45,ok/lauseM0359.txt
2,9,ok/lauseM0360.txt
10,53,ok/lauseM0361.txt
1,7,ok/lauseM0362.txt
14,96,ok/lauseM0363.txt
7,60,ok/lauseM0364.txt
6,36,ok/lauseM0365.txt
5,30,ok/lauseM0366.txt
12,79,ok/lauseM0367.txt
15,87,ok/lauseM0368.txt
15,88,ok/lauseM0369.txt
2,18,ok/lauseM0370.txt
6,47,ok/lauseM0371.txt
2,11,ok/lauseM0372.txt
5,23,ok/lauseM0373.txt
16,127,ok/lauseM0374.txt
3,21,ok/lauseM0375.txt
3,17,ok/lauseM0376.txt
2,17,ok/lauseM0377.txt
8,43,ok/lauseM0378.txt
2,14,ok/lauseM0379.txt
4,24,ok/lauseM0380.txt
15,86,ok/lauseM0381.txt
1,5,ok/lauseM0382.txt
21,137,ok/lauseM0383.txt
3,19,ok/lauseM0384.txt
2,17,ok/lauseM0385.txt
9,78,ok/lauseM0386.txt
7,32,ok/lauseM0387.txt
7,49,ok/lauseM0388.txt
9,47,ok/lauseM0389.txt
6,37,ok/lauseM0390.txt
5,28,ok/lauseM0391.txt
27,152,ok/lauseM0392.txt
8,60,ok/lauseM0393.txt
3,14,ok/lauseM0394.txt
7,51,ok/lauseM0395.txt
12,79,ok/lauseM0396.txt
4,26,ok/lauseM0397.txt
8,56,ok/lauseM0398.txt
4,28,ok/lauseM0399.txt
4,24,ok/lauseM0400.txt
5,41,ok/lauseM0401.txt
14,84,ok/lauseM0402.txt
5,40,ok/lauseM0403.txt
16,114,ok/lauseM0404.txt
3,22,ok/lauseM0405.txt
3,24,ok/lauseM0406.txt
5,23,ok/lauseM0407.txt
7,38,ok/lauseM0408.txt
5,29,ok/lauseM0409.txt
2,11,ok/lauseM0410.txt
10,58,ok/lauseM0411.txt
26,151,ok/lauseM0412.txt
19,120,ok/lauseM0413.txt
6,41,ok/lauseM0414.txt
5,26,ok/lauseM0415.txt
6,41,ok/lauseM0416.txt
4,28,ok/lauseM0417.txt
7,43,ok/lauseM0418.txt
9,53,ok/lauseM0419.txt
9,58,ok/lauseM0420.txt
9,49,ok/lauseM0421.txt
4,28,ok/lauseM0422.txt
14,72,ok/lauseM0423.txt
3,20,ok/lauseM0424.txt
6,47,ok/lauseM0425.txt
1,8,ok/lauseM0426.txt
4,21,ok/lauseM0427.txt
3,17,ok/lauseM0428.txt
5,39,ok/lauseM0429.txt
6,38,ok/lauseM0430.txt
12,90,ok/lauseM0431.txt
4,25,ok/lauseM0432.txt
5,26,ok/lauseM0433.txt
16,106,ok/lauseM0434.txt
12,82,ok/lauseM0435.txt
6,37,ok/lauseM0436.txt
6,30,ok/lauseM0437.txt
12,66,ok/lauseM0438.txt
2,19,ok/lauseM0439.txt
4,25,ok/lauseM0440.txt
3,14,ok/lauseM0441.txt
12,62,ok/lauseM0442.txt
8,57,ok/lauseM0443.txt
10,60,ok/lauseM0444.txt
4,28,ok/lauseM0445.txt
3,14,ok/lauseM0446.txt
44,296,ok/lauseM0447.txt
1,7,ok/lauseM0448.txt
19,124,ok/lauseM0449.txt
9,57,ok/lauseM0450.txt
1,6,ok/lauseM0451.txt
5,28,ok/lauseM0452.txt
4,24,ok/lauseM0453.txt
11,65,ok/lauseM0454.txt
5,22,ok/lauseM0455.txt
29,189,ok/lauseM0456.txt
3,13,ok/lauseM0457.txt
7,42,ok/lauseM0458.txt
6,37,ok/lauseM0459.txt
3,18,ok/lauseM0460.txt
9,65,ok/lauseM0461.txt
5,26,ok/lauseM0462.txt
21,129,ok/lauseM0463.txt
6,46,ok/lauseM0464.txt
2,12,ok/lauseM0465.txt
4,21,ok/lauseM0466.txt
9,52,ok/lauseM0467.txt
4,20,ok/lauseM0468.txt
6,30,ok/lauseM0469.txt
7,37,ok/lauseM0470.txt
16,91,ok/lauseM0471.txt
3,15,ok/lauseM0472.txt
9,67,ok/lauseM0473.txt
16,109,ok/lauseM0474.txt
15,90,ok/lauseM0475.txt
3,18,ok/lauseM0476.txt
6,35,ok/lauseM0477.txt
5,27,ok/lauseM0478.txt
9,63,ok/lauseM0479.txt
5,31,ok/lauseM0480.txt
4,23,ok/lauseM0481.txt
4,26,ok/lauseM0482.txt
5,29,ok/lauseM0483.txt
10,56,ok/lauseM0484.txt
10,73,ok/lauseM0485.txt
2,12,ok/lauseM0486.txt
3,16,ok/lauseM0487.txt
27,168,ok/lauseM0488.txt
10,53,ok/lauseM0489.txt
8,42,ok/lauseM0490.txt
24,139,ok/lauseM0491.txt
3,15,ok/lauseM0492.txt
13,95,ok/lauseM0493.txt
9,43,ok/lauseM0494.txt
2,12,ok/lauseM0495.txt
15,103,ok/lauseM0496.txt
36,208,ok/lauseM0497.txt
4,20,ok/lauseM0498.txt
3,16,ok/lauseM0499.txt
2,10,ok/lauseM0500.txt
7,51,ok/lauseM0501.txt
4,24,ok/lauseM0502.txt
8,51,ok/lauseM0503.txt
4,23,ok/lauseM0504.txt
10,70,ok/lauseM0505.txt
14,92,ok/lauseM0506.txt
1,6,ok/lauseM0507.txt
5,23,ok/lauseM0508.txt
4,22,ok/lauseM0509.txt
28,169,ok/lauseM0510.txt
2,11,ok/lauseM0511.txt
3,18,ok/lauseM0512.txt
4,18,ok/lauseM0513.txt
4,32,ok/lauseM0514.txt
4,23,ok/lauseM0515.txt
2,17,ok/lauseM0516.txt
8,48,ok/lauseM0517.txt
3,17,ok/lauseM0518.txt
5,33,ok/lauseM0519.txt
5,36,ok/lauseM0520.txt
4,19,ok/lauseM0521.txt
7,39,ok/lauseM0522.txt
1,8,ok/lauseM0523.txt
4,20,ok/lauseM0524.txt
5,28,ok/lauseM0525.txt
8,49,ok/lauseM0526.txt
10,56,ok/lauseM0527.txt
2,12,ok/lauseM0528.txt
8,51,ok/lauseM0529.txt
3,17,ok/lauseM0530.txt
1,7,ok/lauseM0531.txt
5,40,ok/lauseM0532.txt
51,304,ok/lauseM0533.txt
3,18,ok/lauseM0534.txt
2,14,ok/lauseM0535.txt
7,43,ok/lauseM0536.txt
5,25,ok/lauseM0537.txt
7,47,ok/lauseM0538.txt
6,25,ok/lauseM0539.txt
2,16,ok/lauseM0540.txt
8,61,ok/lauseM0541.txt
16,100,ok/lauseM0542.txt
17,120,ok/lauseM0543.txt
5,33,ok/lauseM0544.txt
13,79,ok/lauseM0545.txt
2,9,ok/lauseM0546.txt
7,39,ok/lauseM0547.txt
5,32,ok/lauseM0548.txt
7,47,ok/lauseM0549.txt
5,39,ok/lauseM0550.txt
8,51,ok/lauseM0551.txt
8,50,ok/lauseM0552.txt
5,30,ok/lauseM0553.txt
4,21,ok/lauseM0554.txt
8,40,ok/lauseM0555.txt
10,71,ok/lauseM0556.txt
7,36,ok/lauseM0557.txt
7,34,ok/lauseM0558.txt
5,24,ok/lauseM0559.txt
9,50,ok/lauseM0560.txt
16,90,ok/lauseM0561.txt
6,27,ok/lauseM0562.txt
3,18,ok/lauseM0563.txt
7,42,ok/lauseM0564.txt
4,24,ok/lauseM0565.txt
3,19,ok/lauseM0566.txt
3,21,ok/lauseM0567.txt
4,23,ok/lauseM0568.txt
12,77,ok/lauseM0569.txt
11,61,ok/lauseM0570.txt
4,22,ok/lauseM0571.txt
3,20,ok/lauseM0572.txt
68,446,ok/lauseM0573.txt
8,57,ok/lauseM0574.txt
5,28,ok/lauseM0575.txt
7,41,ok/lauseM0576.txt
6,31,ok/lauseM0577.txt
7,50,ok/lauseM0578.txt
9,68,ok/lauseM0579.txt
20,126,ok/lauseM0580.txt
1,7,ok/lauseM0581.txt
5,39,ok/lauseM0582.txt
3,22,ok/lauseM0583.txt
13,85,ok/lauseM0584.txt
13,86,ok/lauseM0585.txt
12,74,ok/lauseM0586.txt
7,42,ok/lauseM0587.txt
2,13,ok/lauseM0588.txt
10,63,ok/lauseM0589.txt
3,15,ok/lauseM0590.txt
4,27,ok/lauseM0591.txt
4,17,ok/lauseM0592.txt
4,35,ok/lauseM0593.txt
3,26,ok/lauseM0594.txt
9,52,ok/lauseM0595.txt
3,12,ok/lauseM0596.txt
6,37,ok/lauseM0597.txt
7,28,ok/lauseM0598.txt
8,46,ok/lauseM0599.txt
5,26,ok/lauseM0600.txt
5,23,ok/lauseM0601.txt
4,25,ok/lauseM0602.txt
11,85,ok/lauseM0603.txt
15,85,ok/lauseM0604.txt
9,51,ok/lauseM0605.txt
13,68,ok/lauseM0606.txt
2,13,ok/lauseM0607.txt
4,25,ok/lauseM0608.txt
7,38,ok/lauseM0609.txt
4,23,ok/lauseM0610.txt
6,33,ok/lauseM0611.txt
8,40,ok/lauseM0612.txt
13,87,ok/lauseM0613.txt
9,52,ok/lauseM0614.txt
5,37,ok/lauseM0615.txt
2,10,ok/lauseM0616.txt
8,62,ok/lauseM0617.txt
5,26,ok/lauseM0618.txt
8,46,ok/lauseM0619.txt
12,81,ok/lauseM0620.txt
4,38,ok/lauseM0621.txt
6,43,ok/lauseM0622.txt
4,37,ok/lauseM0623.txt
1,8,ok/lauseM0624.txt
3,26,ok/lauseM0625.txt
16,85,ok/lauseM0626.txt
4,24,ok/lauseM0627.txt
2,9,ok/lauseM0628.txt
2,15,ok/lauseM0629.txt
5,39,ok/lauseM0630.txt
3,15,ok/lauseM0631.txt
5,34,ok/lauseM0632.txt
4,28,ok/lauseM0633.txt
3,15,ok/lauseM0634.txt
5,24,ok/lauseM0635.txt
6,45,ok/lauseM0636.txt
11,82,ok/lauseM0637.txt
9,56,ok/lauseM0638.txt
6,31,ok/lauseM0639.txt
2,16,ok/lauseM0640.txt
9,47,ok/lauseM0641.txt
19,118,ok/lauseM0642.txt
5,41,ok/lauseM0643.txt
15,93,ok/lauseM0644.txt
9,52,ok/lauseM0645.txt
1,16,ok/lauseM0646.txt
9,56,ok/lauseM0647.txt
5,37,ok/lauseM0648.txt
12,75,ok/lauseM0649.txt
14,86,ok/lauseM0650.txt
12,94,ok/lauseM0651.txt
9,51,ok/lauseM0652.txt
19,121,ok/lauseM0653.txt
4,25,ok/lauseM0654.txt
27,152,ok/lauseM0655.txt
41,239,ok/lauseM0656.txt
8,58,ok/lauseM0657.txt
7,39,ok/lauseM0658.txt
8,48,ok/lauseM0659.txt
6,36,ok/lauseM0660.txt
8,47,ok/lauseM0661.txt
6,34,ok/lauseM0662.txt
1,7,ok/lauseM0663.txt
10,65,ok/lauseM0664.txt
5,27,ok/lauseM0665.txt
11,64,ok/lauseM0666.txt
9,55,ok/lauseM0667.txt
2,14,ok/lauseM0668.txt
3,23,ok/lauseM0669.txt
3,22,ok/lauseM0670.txt
11,73,ok/lauseM0671.txt
3,23,ok/lauseM0672.txt
4,22,ok/lauseM0673.txt
8,52,ok/lauseM0674.txt
9,51,ok/lauseM0675.txt
13,91,ok/lauseM0676.txt
9,45,ok/lauseM0677.txt
3,28,ok/lauseM0678.txt
5,38,ok/lauseM0679.txt
5,38,ok/lauseM0680.txt
15,110,ok/lauseM0681.txt
1,8,ok/lauseM0682.txt
5,26,ok/lauseM0683.txt
4,21,ok/lauseM0684.txt
11,70,ok/lauseM0685.txt
6,30,ok/lauseM0686.txt
6,47,ok/lauseM0687.txt
8,42,ok/lauseM0688.txt
12,73,ok/lauseM0689.txt
8,52,ok/lauseM0690.txt
7,34,ok/lauseM0691.txt
7,59,ok/lauseM0692.txt
1,5,ok/lauseM0693.txt
4,21,ok/lauseM0694.txt
4,26,ok/lauseM0695.txt
2,11,ok/lauseM0696.txt
11,66,ok/lauseM0697.txt
6,46,ok/lauseM0698.txt
9,49,ok/lauseM0699.txt
2,11,ok/lauseM0700.txt
7,54,ok/lauseM0701.txt
8,42,ok/lauseM0702.txt
4,22,ok/lauseM0703.txt
4,21,ok/lauseM0704.txt
8,67,ok/lauseM0705.txt
2,11,ok/lauseM0706.txt
4,17,ok/lauseM0707.txt
16,86,ok/lauseM0708.txt
5,33,ok/lauseM0709.txt
2,24,ok/lauseM0710.txt
5,39,ok/lauseM0711.txt
7,35,ok/lauseM0712.txt
4,21,ok/lauseM0713.txt
6,39,ok/lauseM0714.txt
5,28,ok/lauseM0715.txt
6,41,ok/lauseM0716.txt
18,116,ok/lauseM0717.txt
7,35,ok/lauseM0718.txt
6,44,ok/lauseM0719.txt
10,53,ok/lauseM0720.txt
3,26,ok/lauseM0721.txt
28,167,ok/lauseM0722.txt
10,69,ok/lauseM0723.txt
8,39,ok/lauseM0724.txt
7,47,ok/lauseM0725.txt
3,17,ok/lauseM0726.txt
2,16,ok/lauseM0727.txt
9,63,ok/lauseM0728.txt
4,20,ok/lauseM0729.txt
7,37,ok/lauseM0730.txt
20,133,ok/lauseM0731.txt
4,22,ok/lauseM0732.txt
10,57,ok/lauseM0733.txt
9,48,ok/lauseM0734.txt
11,66,ok/lauseM0735.txt
4,40,ok/lauseM0736.txt
11,74,ok/lauseM0737.txt
5,33,ok/lauseM0738.txt
9,52,ok/lauseM0739.txt
8,44,ok/lauseM0740.txt
12,95,ok/lauseM0741.txt
9,68,ok/lauseM0742.txt
6,38,ok/lauseM0743.txt
15,79,ok/lauseM0744.txt
3,15,ok/lauseM0745.txt
12,75,ok/lauseM0746.txt
2,9,ok/lauseM0747.txt
3,20,ok/lauseM0748.txt
7,52,ok/lauseM0749.txt
4,30,ok/lauseM0750.txt
4,32,ok/lauseM0751.txt
9,64,ok/lauseM0752.txt
2,14,ok/lauseM0753.txt
12,67,ok/lauseM0754.txt
3,24,ok/lauseM0755.txt
5,24,ok/lauseM0756.txt
5,33,ok/lauseM0757.txt
2,8,ok/lauseM0758.txt
5,27,ok/lauseM0759.txt
12,62,ok/lauseM0760.txt
7,45,ok/lauseM0761.txt
9,44,ok/lauseM0762.txt
27,190,ok/lauseM0763.txt
9,46,ok/lauseM0764.txt
13,71,ok/lauseM0765.txt
8,49,ok/lauseM0766.txt
16,91,ok/lauseM0767.txt
1,6,ok/lauseM0768.txt
8,46,ok/lauseM0769.txt
12,67,ok/lauseM0770.txt
17,102,ok/lauseM0771.txt
6,61,ok/lauseM0772.txt
11,57,ok/lauseM0773.txt
9,44,ok/lauseM0774.txt
26,157,ok/lauseM0775.txt
5,34,ok/lauseM0776.txt
5,45,ok/lauseM0777.txt
1,7,ok/lauseM0778.txt
6,39,ok/lauseM0779.txt
10,61,ok/lauseM0780.txt
7,39,ok/lauseM0781.txt
11,83,ok/lauseM0782.txt
7,46,ok/lauseM0783.txt
12,78,ok/lauseM0784.txt
4,23,ok/lauseM0785.txt
5,41,ok/lauseM0786.txt
3,21,ok/lauseM0787.txt
5,33,ok/lauseM0788.txt
8,56,ok/lauseM0789.txt
5,24,ok/lauseM0790.txt
1,11,ok/lauseM0791.txt
5,33,ok/lauseM0792.txt
4,26,ok/lauseM0793.txt
7,43,ok/lauseM0794.txt
3,18,ok/lauseM0795.txt
13,70,ok/lauseM0796.txt
1,12,ok/lauseM0797.txt
4,23,ok/lauseM0798.txt
10,68,ok/lauseM0799.txt
2,15,ok/lauseM0800.txt
2,14,ok/lauseM0801.txt
9,52,ok/lauseM0802.txt
3,15,ok/lauseM0803.txt
4,30,ok/lauseM0804.txt
8,42,ok/lauseM0805.txt
14,83,ok/lauseM0806.txt
6,33,ok/lauseM0807.txt
23,127,ok/lauseM0808.txt
5,35,ok/lauseM0809.txt
13,77,ok/lauseM0810.txt
17,112,ok/lauseM0811.txt
5,32,ok/lauseM0812.txt
7,46,ok/lauseM0813.txt
20,130,ok/lauseM0814.txt
12,75,ok/lauseM0815.txt
5,34,ok/lauseM0816.txt
13,91,ok/lauseM0817.txt
6,36,ok/lauseM0818.txt
29,204,ok/lauseM0819.txt
5,27,ok/lauseM0820.txt
4,24,ok/lauseM0821.txt
2,19,ok/lauseM0822.txt
12,76,ok/lauseM0823.txt
3,16,ok/lauseM0824.txt
3,23,ok/lauseM0825.txt
14,71,ok/lauseM0826.txt
4,19,ok/lauseM0827.txt
31,183,ok/lauseM0828.txt
10,57,ok/lauseM0829.txt
1,10,ok/lauseM0830.txt
7,43,ok/lauseM0831.txt
6,37,ok/lauseM0832.txt
4,24,ok/lauseM0833.txt
10,55,ok/lauseM0834.txt
4,17,ok/lauseM0835.txt
9,56,ok/lauseM0836.txt
18,118,ok/lauseM0837.txt
7,39,ok/lauseM0838.txt
7,37,ok/lauseM0839.txt
6,34,ok/lauseM0840.txt
4,22,ok/lauseM0841.txt
9,65,ok/lauseM0842.txt
3,17,ok/lauseM0843.txt
3,24,ok/lauseM0844.txt
10,63,ok/lauseM0845.txt
4,30,ok/lauseM0846.txt
6,37,ok/lauseM0847.txt
8,43,ok/lauseM0848.txt
8,47,ok/lauseM0849.txt
2,12,ok/lauseM0850.txt
4,23,ok/lauseM0851.txt
5,28,ok/lauseM0852.txt
10,66,ok/lauseM0853.txt
5,33,ok/lauseM0854.txt
18,86,ok/lauseM0855.txt
10,53,ok/lauseM0856.txt
11,77,ok/lauseM0857.txt
3,15,ok/lauseM0858.txt
7,40,ok/lauseM0859.txt
3,18,ok/lauseM0860.txt
7,48,ok/lauseM0861.txt
18,95,ok/lauseM0862.txt
2,11,ok/lauseM0863.txt
5,36,ok/lauseM0864.txt
7,49,ok/lauseM0865.txt
2,9,ok/lauseM0866.txt
7,39,ok/lauseM0867.txt
10,67,ok/lauseM0868.txt
1,5,ok/lauseM0869.txt
4,21,ok/lauseM0870.txt
4,25,ok/lauseM0871.txt
17,107,ok/lauseM0872.txt
1,6,ok/lauseM0873.txt
13,70,ok/lauseM0874.txt
4,29,ok/lauseM0875.txt
5,34,ok/lauseM0876.txt
14,93,ok/lauseM0877.txt
4,32,ok/lauseM0878.txt
27,150,ok/lauseM0879.txt
3,25,ok/lauseM0880.txt
5,32,ok/lauseM0881.txt
12,71,ok/lauseM0882.txt
5,29,ok/lauseM0883.txt
1,5,ok/lauseM0884.txt
9,59,ok/lauseM0885.txt
11,77,ok/lauseM0886.txt
4,20,ok/lauseM0887.txt
14,88,ok/lauseM0888.txt
10,59,ok/lauseM0889.txt
7,42,ok/lauseM0890.txt
8,43,ok/lauseM0891.txt
6,32,ok/lauseM0892.txt
11,60,ok/lauseM0893.txt
13,94,ok/lauseM0894.txt
10,71,ok/lauseM0895.txt
15,91,ok/lauseM0896.txt
4,19,ok/lauseM0897.txt
8,40,ok/lauseM0898.txt
11,76,ok/lauseM0899.txt
7,48,ok/lauseM0900.txt
3,16,ok/lauseM0901.txt
8,36,ok/lauseM0902.txt
5,41,ok/lauseM0903.txt
2,12,ok/lauseM0904.txt
7,41,ok/lauseM0905.txt
1,7,ok/lauseM0906.txt
4,24,ok/lauseM0907.txt
8,50,ok/lauseM0908.txt
10,79,ok/lauseM0909.txt
5,35,ok/lauseM0910.txt
3,35,ok/lauseM0911.txt
8,36,ok/lauseM0912.txt
3,21,ok/lauseM0913.txt
5,36,ok/lauseM0914.txt
8,52,ok/lauseM0915.txt
7,44,ok/lauseM0916.txt
2,12,ok/lauseM0917.txt
4,26,ok/lauseM0918.txt
6,43,ok/lauseM0919.txt
7,38,ok/lauseM0920.txt
7,44,ok/lauseM0921.txt
4,23,ok/lauseM0922.txt
16,84,ok/lauseM0923.txt
5,33,ok/lauseM0924.txt
3,18,ok/lauseM0925.txt
4,26,ok/lauseM0926.txt
5,39,ok/lauseM0927.txt
11,84,ok/lauseM0928.txt
12,83,ok/lauseM0929.txt
10,52,ok/lauseM0930.txt
2,12,ok/lauseM0931.txt
5,26,ok/lauseM0932.txt
13,90,ok/lauseM0933.txt
6,33,ok/lauseM0934.txt
4,21,ok/lauseM0935.txt
10,59,ok/lauseM0936.txt
4,24,ok/lauseM0937.txt
3,16,ok/lauseM0938.txt
7,32,ok/lauseM0939.txt
1,8,ok/lauseM0940.txt
11,63,ok/lauseM0941.txt
8,36,ok/lauseM0942.txt
10,65,ok/lauseM0943.txt
4,31,ok/lauseM0944.txt
9,50,ok/lauseM0945.txt
5,20,ok/lauseM0946.txt
8,60,ok/lauseM0947.txt
9,44,ok/lauseM0948.txt
28,183,ok/lauseM0949.txt
18,123,ok/lauseM0950.txt
10,75,ok/lauseM0951.txt
2,23,ok/lauseM0952.txt
20,130,ok/lauseM0953.txt
13,75,ok/lauseM0954.txt
16,105,ok/lauseM0955.txt
9,58,ok/lauseM0956.txt
2,11,ok/lauseM0957.txt
3,15,ok/lauseM0958.txt
16,92,ok/lauseM0959.txt
8,53,ok/lauseM0960.txt
13,84,ok/lauseM0961.txt
20,127,ok/lauseM0962.txt
5,33,ok/lauseM0963.txt
8,45,ok/lauseM0964.txt
9,50,ok/lauseM0965.txt
5,33,ok/lauseM0966.txt
12,74,ok/lauseM0967.txt
9,47,ok/lauseM0968.txt
9,56,ok/lauseM0969.txt
24,149,ok/lauseM0970.txt
5,28,ok/lauseM0971.txt
9,56,ok/lauseM0972.txt
8,43,ok/lauseM0973.txt
8,46,ok/lauseM0974.txt
3,18,ok/lauseM0975.txt
3,18,ok/lauseM0976.txt
2,8,ok/lauseM0977.txt
7,44,ok/lauseM0978.txt
11,67,ok/lauseM0979.txt
4,18,ok/lauseM0980.txt
5,43,ok/lauseM0981.txt
6,39,ok/lauseM0982.txt
4,22,ok/lauseM0983.txt
4,19,ok/lauseM0984.txt
9,56,ok/lauseM0985.txt
4,37,ok/lauseM0986.txt
6,50,ok/lauseM0987.txt
7,45,ok/lauseM0988.txt
5,23,ok/lauseM0989.txt
3,21,ok/lauseM0990.txt
7,47,ok/lauseM0991.txt
6,43,ok/lauseM0992.txt
4,28,ok/lauseM0993.txt
25,161,ok/lauseM0994.txt
14,80,ok/lauseM0995.txt
8,48,ok/lauseM0996.txt
5,38,ok/lauseM0997.txt
2,12,ok/lauseM0998.txt
5,27,ok/lauseM0999.txt
2,16,ok/lauseM1000.txt
6,40,ok/lauseM1001.txt
5,31,ok/lauseM1002.txt
10,71,ok/lauseM1003.txt
5,35,ok/lauseM1004.txt
4,25,ok/lauseM1005.txt
8,47,ok/lauseM1006.txt
4,31,ok/lauseM1007.txt
3,18,ok/lauseM1008.txt
14,67,ok/lauseM1009.txt
1,5,ok/lauseM1010.txt
7,44,ok/lauseM1011.txt
14,70,ok/lauseM1012.txt
12,79,ok/lauseM1013.txt
6,43,ok/lauseM1014.txt
7,30,ok/lauseN0001.txt
18,130,ok/lauseN0002.txt
11,63,ok/lauseN0003.txt
6,35,ok/lauseN0004.txt
17,98,ok/lauseN0005.txt
10,63,ok/lauseN0006.txt
2,10,ok/lauseN0007.txt
6,27,ok/lauseN0008.txt
9,50,ok/lauseN0009.txt
5,25,ok/lauseN0010.txt
28,174,ok/lauseN0011.txt
8,47,ok/lauseN0012.txt
5,32,ok/lauseN0013.txt
2,8,ok/lauseN0014.txt
5,30,ok/lauseN0015.txt
12,59,ok/lauseN0016.txt
9,41,ok/lauseN0017.txt
7,50,ok/lauseN0018.txt
3,21,ok/lauseN0019.txt
11,77,ok/lauseN0020.txt
7,43,ok/lauseN0021.txt
3,16,ok/lauseN0022.txt
3,23,ok/lauseN0023.txt
7,43,ok/lauseN0024.txt
1,6,ok/lauseN0025.txt
12,85,ok/lauseN0026.txt
6,34,ok/lauseN0027.txt
8,52,ok/lauseN0028.txt
5,26,ok/lauseN0029.txt
3,16,ok/lauseN0030.txt
10,49,ok/lauseN0031.txt
15,87,ok/lauseN0032.txt
4,23,ok/lauseN0033.txt
3,20,ok/lauseN0034.txt
5,31,ok/lauseN0035.txt
6,35,ok/lauseN0036.txt
5,28,ok/lauseN0037.txt
5,30,ok/lauseN0038.txt
5,34,ok/lauseN0039.txt
2,9,ok/lauseN0040.txt
4,22,ok/lauseN0041.txt
2,11,ok/lauseN0042.txt
16,101,ok/lauseN0043.txt
5,27,ok/lauseN0044.txt
12,67,ok/lauseN0045.txt
2,9,ok/lauseN0046.txt
8,41,ok/lauseN0047.txt
5,29,ok/lauseN0048.txt
5,29,ok/lauseN0049.txt
10,51,ok/lauseN0050.txt
2,15,ok/lauseN0051.txt
8,42,ok/lauseN0052.txt
5,26,ok/lauseN0053.txt
4,17,ok/lauseN0054.txt
6,38,ok/lauseN0055.txt
4,30,ok/lauseN0056.txt
14,95,ok/lauseN0057.txt
17,85,ok/lauseN0058.txt
3,14,ok/lauseN0059.txt
6,34,ok/lauseN0060.txt
10,57,ok/lauseN0061.txt
7,45,ok/lauseN0062.txt
11,62,ok/lauseN0063.txt
5,36,ok/lauseN0064.txt
2,17,ok/lauseN0065.txt
4,19,ok/lauseN0066.txt
7,43,ok/lauseN0067.txt
1,9,ok/lauseN0068.txt
7,49,ok/lauseN0069.txt
5,30,ok/lauseN0070.txt
6,31,ok/lauseN0071.txt
11,51,ok/lauseN0072.txt
3,20,ok/lauseN0073.txt
4,38,ok/lauseN0074.txt
8,47,ok/lauseN0075.txt
4,19,ok/lauseN0076.txt
2,11,ok/lauseN0077.txt
2,8,ok/lauseN0078.txt
4,21,ok/lauseN0079.txt
4,26,ok/lauseN0080.txt
5,29,ok/lauseN0081.txt
1,7,ok/lauseN0082.txt
4,23,ok/lauseN0083.txt
6,35,ok/lauseN0084.txt
4,26,ok/lauseN0085.txt
2,14,ok/lauseN0086.txt
3,18,ok/lauseN0087.txt
3,19,ok/lauseN0088.txt
3,20,ok/lauseN0089.txt
5,25,ok/lauseN0090.txt
2,10,ok/lauseN0091.txt
4,19,ok/lauseN0092.txt
4,29,ok/lauseN0093.txt
9,57,ok/lauseN0094.txt
4,18,ok/lauseN0095.txt
5,22,ok/lauseN0096.txt
3,21,ok/lauseN0097.txt
5,27,ok/lauseN0098.txt
2,15,ok/lauseN0099.txt
12,77,ok/lauseN0100.txt
2,15,ok/lauseN0101.txt
10,71,ok/lauseN0102.txt
4,23,ok/lauseN0103.txt
10,65,ok/lauseN0104.txt
2,14,ok/lauseN0105.txt
6,48,ok/lauseN0106.txt
5,30,ok/lauseN0107.txt
10,69,ok/lauseN0108.txt
5,24,ok/lauseN0109.txt
4,22,ok/lauseN0110.txt
1,8,ok/lauseN0111.txt
4,20,ok/lauseN0112.txt
6,29,ok/lauseN0113.txt
5,23,ok/lauseN0114.txt
5,22,ok/lauseN0115.txt
5,31,ok/lauseN0116.txt
4,22,ok/lauseN0117.txt
2,14,ok/lauseN0118.txt
4,22,ok/lauseN0119.txt
14,85,ok/lauseN0120.txt
13,68,ok/lauseN0121.txt
4,25,ok/lauseN0122.txt
6,35,ok/lauseN0123.txt
6,33,ok/lauseN0124.txt
4,39,ok/lauseN0125.txt
25,179,ok/lauseN0126.txt
8,44,ok/lauseN0127.txt
4,17,ok/lauseP0001.txt
8,60,ok/lauseP0002.txt
4,18,ok/lauseP0003.txt
5,26,ok/lauseP0004.txt
13,72,ok/lauseP0005.txt
1,6,ok/lauseP0006.txt
5,36,ok/lauseP0007.txt
7,41,ok/lauseP0008.txt
6,39,ok/lauseP0009.txt
3,29,ok/lauseP0010.txt
6,29,ok/lauseP0011.txt
2,17,ok/lauseP0012.txt
8,57,ok/lauseP0013.txt
15,128,ok/lauseP0014.txt
16,101,ok/lauseP0015.txt
2,18,ok/lauseP0016.txt
3,28,ok/lauseP0017.txt
6,36,ok/lauseP0018.txt
6,27,ok/lauseP0019.txt
4,30,ok/lauseP0020.txt
9,51,ok/lauseP0021.txt
4,20,ok/lauseP0022.txt
3,24,ok/lauseP0023.txt
5,29,ok/lauseP0024.txt
5,36,ok/lauseP0025.txt
3,19,ok/lauseP0026.txt
6,33,ok/lauseP0027.txt
3,16,ok/lauseP0028.txt
7,40,ok/lauseP0029.txt
5,25,ok/lauseP0030.txt
4,30,ok/lauseP0031.txt
6,37,ok/lauseP0032.txt
9,51,ok/lauseP0033.txt
2,10,ok/lauseP0034.txt
4,20,ok/lauseP0035.txt
14,78,ok/lauseP0036.txt
4,45,ok/lauseP0037.txt
4,19,ok/lauseP0038.txt
4,26,ok/lauseP0039.txt
4,19,ok/lauseP0040.txt
10,60,ok/lauseP0041.txt
4,27,ok/lauseP0042.txt
12,70,ok/lauseP0043.txt
8,55,ok/lauseP0044.txt
2,13,ok/lauseP0045.txt
10,52,ok/lauseP0046.txt
6,37,ok/lauseP0047.txt
4,24,ok/lauseP0048.txt
5,31,ok/lauseP0049.txt
11,58,ok/lauseP0050.txt
9,56,ok/lauseP0051.txt
6,49,ok/lauseP0052.txt
5,22,ok/lauseP0053.txt
3,21,ok/lauseP0054.txt
7,33,ok/lauseP0055.txt
18,104,ok/lauseP0056.txt
4,19,ok/lauseP0057.txt
7,38,ok/lauseP0058.txt
13,77,ok/Slause00004.txt
7,60,ok/Slause00022.txt
10,50,ok/Slause00025.txt
9,50,ok/Slause00026.txt
8,51,ok/Slause00029.txt
18,120,ok/Slause00032.txt
13,85,ok/Slause00035.txt
3,17,ok/Slause00036.txt
15,105,ok/Slause00048.txt
6,33,ok/Slause00054.txt
11,88,ok/Slause00058.txt
12,92,ok/Slause00060.txt
18,115,ok/Slause00063.txt
10,60,ok/Slause00064.txt
11,73,ok/Slause00068.txt
17,103,ok/Slause00074.txt
11,63,ok/Slause00081.txt
16,108,ok/Slause00085.txt
9,52,ok/Slause00088.txt
5,30,ok/Slause00089.txt
16,107,ok/Slause00091.txt
8,57,ok/Slause00098.txt
24,142,ok/Slause00100.txt
14,93,ok/Slause00110.txt
13,84,ok/Slause00112.txt
11,74,ok/Slause00114.txt
15,82,ok/Slause00123.txt
19,108,ok/Slause00125.txt
19,112,ok/Slause00126.txt
12,84,ok/Slause00136.txt
12,81,ok/Slause00144.txt
12,76,ok/Slause00149.txt
3,17,ok/Slause00160.txt
14,86,ok/Slause00168.txt
16,112,ok/Slause00173.txt
12,80,ok/Slause00180.txt
6,37,ok/Slause00183.txt
12,71,ok/Slause00188.txt
6,42,ok/Slause00192.txt
10,55,ok/Slause00198.txt
16,89,ok/Slause00199.txt
7,38,ok/Slause00209.txt
17,120,ok/Slause00211.txt
11,68,ok/Slause00217.txt
24,143,ok/Slause00221.txt
10,65,ok/Slause00222.txt
17,104,ok/Slause00228.txt
9,63,ok/Slause00229.txt
12,69,ok/Slause00237.txt
9,48,ok/Slause00241.txt
31,183,ok/Slause00247.txt
8,53,ok/Slause00248.txt
18,104,ok/Slause00261.txt
10,69,ok/Slause00272.txt
5,43,ok/Slause00278.txt
18,106,ok/Slause00280.txt
7,47,ok/Slause00282.txt
16,97,ok/Slause00284.txt
18,106,ok/Slause00286.txt
10,58,ok/Slause00293.txt
16,98,ok/Slause00294.txt
3,24,ok/Slause00300.txt
4,38,ok/Slause00307.txt
6,41,ok/Slause00318.txt
19,120,ok/Slause00326.txt
12,82,ok/Slause00331.txt
4,30,ok/Slause00333.txt
12,72,ok/Slause00340.txt
14,77,ok/Slause00344.txt
21,125,ok/Slause00355.txt
21,145,ok/Slause00358.txt
25,161,ok/Slause00363.txt
17,102,ok/Slause00366.txt
29,159,ok/Slause00367.txt
11,76,ok/Slause00373.txt
13,103,ok/Slause00375.txt
23,135,ok/Slause00379.txt
5,30,ok/Slause00380.txt
14,85,ok/Slause00383.txt
9,57,ok/Slause00384.txt
15,91,ok/Slause00386.txt
23,142,ok/Slause00389.txt
9,67,ok/Slause00394.txt
10,64,ok/Slause00400.txt
18,118,ok/Slause00403.txt
8,48,ok/Slause00405.txt
8,57,ok/Slause00409.txt
15,76,ok/Slause00419.txt
22,131,ok/Slause00423.txt
11,60,ok/Slause00437.txt
7,49,ok/Slause00441.txt
9,55,ok/Slause00442.txt
8,50,ok/Slause00448.txt
7,43,ok/Slause00451.txt
7,40,ok/Slause00452.txt
18,127,ok/Slause00471.txt
16,96,ok/Slause00474.txt
25,146,ok/Slause00483.txt
7,48,ok/Slause00485.txt
25,150,ok/Slause00486.txt
10,64,ok/Slause00504.txt
10,70,ok/Slause00505.txt
10,61,ok/Slause00506.txt
22,135,ok/Slause00509.txt
10,76,ok/Slause00518.txt
11,76,ok/Slause00530.txt
6,46,ok/Slause00531.txt
6,35,ok/Slause00532.txt
12,76,ok/Slause00533.txt
15,112,ok/Slause00534.txt
9,51,ok/Slause00537.txt
8,49,ok/Slause00542.txt
13,83,ok/Slause00543.txt
9,58,ok/Slause00545.txt
11,87,ok/Slause00547.txt
5,33,ok/Slause00559.txt
5,32,ok/Slause00571.txt
8,58,ok/Slause00572.txt
6,33,ok/Slause00575.txt
6,42,ok/Slause00576.txt
10,66,ok/Slause00578.txt
8,46,ok/Slause00581.txt
26,193,ok/Slause00589.txt
8,49,ok/Slause00590.txt
3,20,ok/Slause00593.txt
9,57,ok/Slause00598.txt
16,100,ok/Slause00602.txt
21,131,ok/Slause00608.txt
12,81,ok/Slause00610.txt
18,99,ok/Slause00613.txt
10,73,ok/Slause00614.txt
17,95,ok/Slause00615.txt
11,61,ok/Slause00622.txt
19,127,ok/Slause00630.txt
21,146,ok/Slause00634.txt
11,69,ok/Slause00635.txt
21,133,ok/Slause00645.txt
25,162,ok/Slause00648.txt
17,111,ok/Slause00650.txt
23,127,ok/Slause00651.txt
16,108,ok/Slause00656.txt
20,126,ok/Slause00659.txt
8,38,ok/Slause00665.txt
4,38,ok/Slause00668.txt
16,88,ok/Slause00673.txt
8,62,ok/Slause00674.txt
5,29,ok/Slause00679.txt
34,230,ok/Slause00705.txt
9,53,ok/Slause00707.txt
11,57,ok/Slause00708.txt
7,42,ok/Slause00709.txt
6,37,ok/Slause00721.txt
5,41,ok/Slause00728.txt
5,36,ok/Slause00731.txt
32,188,ok/Slause00734.txt
4,34,ok/Slause00735.txt
8,50,ok/Slause00738.txt
14,83,ok/Slause00746.txt
6,35,ok/Slause00748.txt
14,89,ok/Slause00749.txt
7,43,ok/Slause00752.txt
8,42,ok/Slause00756.txt
7,48,ok/Slause00763.txt
7,45,ok/Slause00765.txt
10,62,ok/Slause00768.txt
8,59,ok/Slause00771.txt
11,81,ok/Slause00774.txt
50,302,ok/Slause00776.txt
7,43,ok/Slause00780.txt
6,38,ok/Slause00781.txt
15,104,ok/Slause00786.txt
14,93,ok/Slause00788.txt
5,32,ok/Slause00794.txt
4,20,ok/Slause00795.txt
7,40,ok/Slause00796.txt
12,74,ok/Slause00800.txt
31,240,ok/Slause00802.txt
6,37,ok/Slause00817.txt
10,60,ok/Slause00821.txt
8,58,ok/Slause00825.txt
7,33,ok/Slause00830.txt
8,53,ok/Slause00831.txt
20,108,ok/Slause00836.txt
74,468,ok/Slause00839.txt
18,122,ok/Slause00844.txt
6,38,ok/Slause00851.txt
8,52,ok/Slause00853.txt
13,66,ok/Slause00868.txt
11,73,ok/Slause00871.txt
9,56,ok/Slause00873.txt
11,70,ok/Slause00878.txt
20,123,ok/Slause00883.txt
21,129,ok/Slause00898.txt
10,57,ok/Slause00900.txt
8,48,ok/Slause00904.txt
24,138,ok/Slause00907.txt
13,65,ok/Slause00912.txt
7,54,ok/Slause00920.txt
11,66,ok/Slause00928.txt
17,111,ok/Slause00934.txt
5,32,ok/Slause00941.txt
8,43,ok/Slause00942.txt
20,125,ok/Slause00945.txt
8,55,ok/Slause00947.txt
28,145,ok/Slause00956.txt
18,109,ok/Slause00958.txt
19,118,ok/Slause00965.txt
7,42,ok/Slause00967.txt
16,104,ok/Slause00969.txt
10,64,ok/Slause00971.txt
5,35,ok/Slause00977.txt
15,94,ok/Slause00979.txt
5,22,ok/Slause00980.txt
4,24,ok/Slause00997.txt
16,105,ok/Slause00999.txt
15,97,ok/Slause01003.txt
9,59,ok/Slause01004.txt
6,43,ok/Slause01005.txt
20,107,ok/Slause01010.txt
11,62,ok/Slause01014.txt
8,51,ok/Slause01027.txt
7,43,ok/Slause01034.txt
15,93,ok/Slause01035.txt
10,65,ok/Slause01036.txt
9,50,ok/Slause01055.txt
11,66,ok/Slause01056.txt
17,94,ok/Slause01058.txt
10,67,ok/Slause01070.txt
7,54,ok/Slause01073.txt
15,96,ok/Slause01084.txt
7,37,ok/Slause01086.txt
22,144,ok/Slause01092.txt
8,55,ok/Slause01104.txt
8,52,ok/Slause01106.txt
9,54,ok/Slause01120.txt
15,78,ok/Slause01122.txt
11,72,ok/Slause01124.txt
17,97,ok/Slause01132.txt
10,70,ok/Slause01146.txt
14,71,ok/Slause01153.txt
16,93,ok/Slause01154.txt
6,31,ok/Slause01158.txt
7,37,ok/Slause01161.txt
14,75,ok/Slause01163.txt
4,25,ok/Slause01166.txt
7,52,ok/Slause01177.txt
8,49,ok/Slause01182.txt
16,100,ok/Slause01183.txt
10,75,ok/Slause01188.txt
14,94,ok/Slause01196.txt
14,100,ok/Slause01224.txt
6,48,ok/Slause01227.txt
19,114,ok/Slause01232.txt
9,55,ok/Slause01236.txt
12,74,ok/Slause01237.txt
20,135,ok/Slause01241.txt
11,49,ok/Slause01254.txt
8,48,ok/Slause01259.txt
5,28,ok/Slause01275.txt
7,44,ok/Slause01283.txt
4,26,ok/Slause01296.txt
11,61,ok/Slause01312.txt
6,34,ok/Slause01315.txt
20,112,ok/Slause01319.txt
10,59,ok/Slause01329.txt
11,60,ok/Slause01332.txt
12,71,ok/Slause01349.txt
9,60,ok/Slause01350.txt
7,47,ok/Slause01355.txt
15,90,ok/Slause01368.txt
11,81,ok/Slause01369.txt
12,69,ok/Slause01372.txt
11,75,ok/Slause01384.txt
15,80,ok/Slause01398.txt
9,53,ok/Slause01402.txt
7,38,ok/Slause01405.txt
5,41,ok/Slause01407.txt
15,91,ok/Slause01412.txt
13,64,ok/Slause01413.txt
8,57,ok/Slause01416.txt
16,103,ok/Slause01423.txt
7,54,ok/Slause01439.txt
6,37,ok/Slause01455.txt
10,64,ok/Slause01471.txt
8,54,ok/Slause01480.txt
16,97,ok/Slause01497.txt
10,58,ok/Slause01510.txt
13,92,ok/Slause01512.txt
10,60,ok/Slause01519.txt
21,132,ok/Slause01529.txt
11,82,ok/Slause01532.txt
5,29,ok/Slause01537.txt
16,108,ok/Slause01541.txt
10,64,ok/Slause01546.txt
6,48,ok/Slause01553.txt
5,34,ok/Slause01556.txt
10,57,ok/Slause01560.txt
11,70,ok/Slause01570.txt
14,104,ok/Slause01594.txt
11,61,ok/Slause01595.txt
14,77,ok/Slause01604.txt
17,91,ok/Slause01611.txt
10,66,ok/Slause01623.txt
22,124,ok/Slause01626.txt
15,104,ok/Slause01632.txt
19,114,ok/Slause01637.txt
7,41,ok/Slause01651.txt
7,48,ok/Slause01654.txt
17,107,ok/Slause01657.txt
10,55,ok/Slause01659.txt
8,51,ok/Slause01660.txt
10,61,ok/Slause01667.txt
8,53,ok/Slause01681.txt
7,51,ok/Slause01691.txt
18,99,ok/Slause01693.txt
11,65,ok/Slause01694.txt
24,134,ok/Slause01700.txt
21,115,ok/Slause01728.txt
23,143,ok/Slause01729.txt
16,92,ok/Slause01731.txt
16,98,ok/Slause01736.txt
9,53,ok/Slause01740.txt
11,81,ok/Slause01753.txt
14,74,ok/Slause01755.txt
19,127,ok/Slause01767.txt
16,97,ok/Slause01775.txt
21,127,ok/Slause01776.txt
14,86,ok/Slause01777.txt
21,116,ok/Slause01784.txt
6,39,ok/Slause01785.txt
18,112,ok/Slause01789.txt
8,54,ok/Slause01805.txt
11,68,ok/Slause01814.txt
16,113,ok/Slause01828.txt
20,121,ok/Slause01831.txt
13,81,ok/Slause01832.txt
12,76,ok/Slause01834.txt
15,89,ok/Slause01855.txt
29,188,ok/Slause01865.txt
6,45,ok/Slause01872.txt
20,132,ok/Slause01877.txt
13,84,ok/Slause01881.txt
6,35,ok/Slause01882.txt
6,47,ok/Slause01888.txt
15,82,ok/Slause01895.txt
22,136,ok/Slause01906.txt
9,56,ok/Slause01908.txt
8,51,ok/Slause01913.txt
13,68,ok/Slause01922.txt
21,124,ok/Slause01927.txt
13,66,ok/Slause01928.txt
12,80,ok/Slause01933.txt
