1,6,ny/eki_et_ptr_00001.txt
7,47,ny/eki_et_ptr_00002.txt
8,65,ny/eki_et_ptr_00003.txt
12,90,ny/eki_et_ptr_00004.txt
7,54,ny/eki_et_ptr_00005.txt
6,42,ny/eki_et_ptr_00006.txt
8,54,ny/eki_et_ptr_00007.txt
6,52,ny/eki_et_ptr_00008.txt
6,50,ny/eki_et_ptr_00009.txt
3,20,ny/eki_et_ptr_00010.txt
4,26,ny/eki_et_ptr_00011.txt
5,36,ny/eki_et_ptr_00012.txt
10,63,ny/eki_et_ptr_00013.txt
7,57,ny/eki_et_ptr_00014.txt
7,47,ny/eki_et_ptr_00015.txt
8,52,ny/eki_et_ptr_00016.txt
11,74,ny/eki_et_ptr_00017.txt
18,111,ny/eki_et_ptr_00018.txt
6,33,ny/eki_et_ptr_00019.txt
1,7,ny/eki_et_ptr_00020.txt
6,42,ny/eki_et_ptr_00021.txt
7,60,ny/eki_et_ptr_00022.txt
9,75,ny/eki_et_ptr_00023.txt
6,39,ny/eki_et_ptr_00024.txt
4,48,ny/eki_et_ptr_00025.txt
5,34,ny/eki_et_ptr_00026.txt
6,52,ny/eki_et_ptr_00027.txt
6,40,ny/eki_et_ptr_00028.txt
4,28,ny/eki_et_ptr_00029.txt
1,7,ny/eki_et_ptr_00030.txt
8,53,ny/eki_et_ptr_00031.txt
6,35,ny/eki_et_ptr_00032.txt
5,44,ny/eki_et_ptr_00033.txt
5,47,ny/eki_et_ptr_00034.txt
7,57,ny/eki_et_ptr_00035.txt
7,59,ny/eki_et_ptr_00036.txt
5,31,ny/eki_et_ptr_00037.txt
7,56,ny/eki_et_ptr_00038.txt
12,75,ny/eki_et_ptr_00039.txt
1,7,ny/eki_et_ptr_00040.txt
6,42,ny/eki_et_ptr_00041.txt
6,42,ny/eki_et_ptr_00042.txt
6,56,ny/eki_et_ptr_00043.txt
7,54,ny/eki_et_ptr_00044.txt
4,36,ny/eki_et_ptr_00045.txt
10,64,ny/eki_et_ptr_00046.txt
8,59,ny/eki_et_ptr_00047.txt
6,42,ny/eki_et_ptr_00048.txt
4,33,ny/eki_et_ptr_00049.txt
1,7,ny/eki_et_ptr_00050.txt
10,63,ny/eki_et_ptr_00051.txt
10,66,ny/eki_et_ptr_00052.txt
11,73,ny/eki_et_ptr_00053.txt
7,53,ny/eki_et_ptr_00054.txt
13,82,ny/eki_et_ptr_00055.txt
8,49,ny/eki_et_ptr_00056.txt
5,32,ny/eki_et_ptr_00057.txt
12,78,ny/eki_et_ptr_00058.txt
12,75,ny/eki_et_ptr_00059.txt
1,7,ny/eki_et_ptr_00060.txt
9,57,ny/eki_et_ptr_00061.txt
12,71,ny/eki_et_ptr_00062.txt
7,46,ny/eki_et_ptr_00063.txt
6,40,ny/eki_et_ptr_00064.txt
6,47,ny/eki_et_ptr_00065.txt
6,39,ny/eki_et_ptr_00066.txt
7,65,ny/eki_et_ptr_00067.txt
9,64,ny/eki_et_ptr_00068.txt
11,99,ny/eki_et_ptr_00069.txt
1,9,ny/eki_et_ptr_00070.txt
9,91,ny/eki_et_ptr_00071.txt
13,94,ny/eki_et_ptr_00072.txt
9,62,ny/eki_et_ptr_00073.txt
5,43,ny/eki_et_ptr_00074.txt
11,69,ny/eki_et_ptr_00075.txt
5,38,ny/eki_et_ptr_00076.txt
5,34,ny/eki_et_ptr_00077.txt
4,34,ny/eki_et_ptr_00078.txt
8,66,ny/eki_et_ptr_00079.txt
1,10,ny/eki_et_ptr_00080.txt
10,69,ny/eki_et_ptr_00081.txt
12,68,ny/eki_et_ptr_00082.txt
7,54,ny/eki_et_ptr_00083.txt
6,42,ny/eki_et_ptr_00084.txt
7,54,ny/eki_et_ptr_00085.txt
7,52,ny/eki_et_ptr_00086.txt
7,61,ny/eki_et_ptr_00087.txt
8,51,ny/eki_et_ptr_00088.txt
7,53,ny/eki_et_ptr_00089.txt
1,9,ny/eki_et_ptr_00090.txt
12,87,ny/eki_et_ptr_00091.txt
5,35,ny/eki_et_ptr_00092.txt
8,65,ny/eki_et_ptr_00093.txt
13,113,ny/eki_et_ptr_00094.txt
6,47,ny/eki_et_ptr_00095.txt
7,60,ny/eki_et_ptr_00096.txt
8,62,ny/eki_et_ptr_00097.txt
10,62,ny/eki_et_ptr_00101.txt
11,67,ny/eki_et_ptr_00102.txt
7,54,ny/eki_et_ptr_00103.txt
8,61,ny/eki_et_ptr_00104.txt
15,93,ny/eki_et_ptr_00105.txt
10,64,ny/eki_et_ptr_00106.txt
10,68,ny/eki_et_ptr_00107.txt
10,71,ny/eki_et_ptr_00108.txt
10,83,ny/eki_et_ptr_00109.txt
10,73,ny/eki_et_ptr_00110.txt
9,61,ny/eki_et_ptr_00111.txt
9,69,ny/eki_et_ptr_00112.txt
10,73,ny/eki_et_ptr_00113.txt
6,45,ny/eki_et_ptr_00114.txt
9,58,ny/eki_et_ptr_00115.txt
6,45,ny/eki_et_ptr_00116.txt
7,44,ny/eki_et_ptr_00117.txt
10,65,ny/eki_et_ptr_00118.txt
8,65,ny/eki_et_ptr_00119.txt
5,37,ny/eki_et_ptr_00120.txt
4,29,ny/eki_et_ptr_00121.txt
4,35,ny/eki_et_ptr_00122.txt
5,34,ny/eki_et_ptr_00123.txt
5,45,ny/eki_et_ptr_00124.txt
8,40,ny/eki_et_ptr_00125.txt
3,20,ny/eki_et_ptr_00126.txt
6,39,ny/eki_et_ptr_00127.txt
9,59,ny/eki_et_ptr_00128.txt
5,39,ny/eki_et_ptr_00129.txt
6,34,ny/eki_et_ptr_00130.txt
6,50,ny/eki_et_ptr_00131.txt
5,33,ny/eki_et_ptr_00132.txt
5,31,ny/eki_et_ptr_00133.txt
11,68,ny/eki_et_ptr_00134.txt
7,43,ny/eki_et_ptr_00135.txt
9,55,ny/eki_et_ptr_00136.txt
11,74,ny/eki_et_ptr_00137.txt
4,25,ny/eki_et_ptr_00138.txt
7,44,ny/eki_et_ptr_00139.txt
5,29,ny/eki_et_ptr_00140.txt
4,29,ny/eki_et_ptr_00141.txt
7,44,ny/eki_et_ptr_00142.txt
6,38,ny/eki_et_ptr_00143.txt
3,18,ny/eki_et_ptr_00144.txt
7,41,ny/eki_et_ptr_00145.txt
4,32,ny/eki_et_ptr_00146.txt
4,30,ny/eki_et_ptr_00147.txt
5,30,ny/eki_et_ptr_00148.txt
4,26,ny/eki_et_ptr_00149.txt
4,36,ny/eki_et_ptr_00150.txt
3,24,ny/eki_et_ptr_00151.txt
8,52,ny/eki_et_ptr_00152.txt
4,25,ny/eki_et_ptr_00153.txt
5,38,ny/eki_et_ptr_00154.txt
6,50,ny/eki_et_ptr_00155.txt
7,44,ny/eki_et_ptr_00156.txt
4,30,ny/eki_et_ptr_00157.txt
5,32,ny/eki_et_ptr_00158.txt
4,26,ny/eki_et_ptr_00159.txt
4,25,ny/eki_et_ptr_00160.txt
5,41,ny/eki_et_ptr_00161.txt
8,53,ny/eki_et_ptr_00162.txt
5,24,ny/eki_et_ptr_00163.txt
5,32,ny/eki_et_ptr_00164.txt
4,29,ny/eki_et_ptr_00165.txt
8,44,ny/eki_et_ptr_00166.txt
3,22,ny/eki_et_ptr_00167.txt
6,35,ny/eki_et_ptr_00168.txt
10,56,ny/eki_et_ptr_00169.txt
9,53,ny/eki_et_ptr_00170.txt
4,32,ny/eki_et_ptr_00171.txt
6,47,ny/eki_et_ptr_00172.txt
4,33,ny/eki_et_ptr_00173.txt
8,49,ny/eki_et_ptr_00174.txt
4,24,ny/eki_et_ptr_00175.txt
5,37,ny/eki_et_ptr_00176.txt
4,30,ny/eki_et_ptr_00177.txt
4,22,ny/eki_et_ptr_00178.txt
6,42,ny/eki_et_ptr_00179.txt
6,37,ny/eki_et_ptr_00180.txt
7,38,ny/eki_et_ptr_00181.txt
2,12,ny/eki_et_ptr_00182.txt
4,23,ny/eki_et_ptr_00183.txt
6,36,ny/eki_et_ptr_00184.txt
6,36,ny/eki_et_ptr_00185.txt
5,27,ny/eki_et_ptr_00186.txt
5,27,ny/eki_et_ptr_00187.txt
4,45,ny/eki_et_ptr_00188.txt
10,82,ny/eki_et_ptr_00189.txt
6,38,ny/eki_et_ptr_00190.txt
5,39,ny/eki_et_ptr_00191.txt
4,45,ny/eki_et_ptr_00192.txt
7,62,ny/eki_et_ptr_00193.txt
6,54,ny/eki_et_ptr_00194.txt
11,81,ny/eki_et_ptr_00195.txt
6,72,ny/eki_et_ptr_00196.txt
5,50,ny/eki_et_ptr_00197.txt
8,75,ny/eki_et_ptr_00198.txt
8,77,ny/eki_et_ptr_00199.txt
6,68,ny/eki_et_ptr_00200.txt
7,49,ny/eki_et_ptr_00201.txt
10,101,ny/eki_et_ptr_00202.txt
6,55,ny/eki_et_ptr_00203.txt
13,115,ny/eki_et_ptr_00204.txt
8,76,ny/eki_et_ptr_00205.txt
11,92,ny/eki_et_ptr_00206.txt
11,95,ny/eki_et_ptr_00207.txt
6,54,ny/eki_et_ptr_00208.txt
7,74,ny/eki_et_ptr_00209.txt
9,75,ny/eki_et_ptr_00210.txt
6,41,ny/eki_et_ptr_00211.txt
9,55,ny/eki_et_ptr_00212.txt
7,65,ny/eki_et_ptr_00213.txt
5,41,ny/eki_et_ptr_00214.txt
6,49,ny/eki_et_ptr_00215.txt
11,85,ny/eki_et_ptr_00216.txt
10,69,ny/eki_et_ptr_00217.txt
10,70,ny/eki_et_ptr_00218.txt
6,66,ny/eki_et_ptr_00219.txt
8,73,ny/eki_et_ptr_00220.txt
8,57,ny/eki_et_ptr_00221.txt
4,22,ny/eki_et_ptr_00222.txt
8,54,ny/eki_et_ptr_00223.txt
6,43,ny/eki_et_ptr_00224.txt
5,49,ny/eki_et_ptr_00225.txt
7,58,ny/eki_et_ptr_00226.txt
8,52,ny/eki_et_ptr_00227.txt
6,45,ny/eki_et_ptr_00228.txt
9,70,ny/eki_et_ptr_00229.txt
9,77,ny/eki_et_ptr_00230.txt
10,76,ny/eki_et_ptr_00231.txt
9,81,ny/eki_et_ptr_00232.txt
7,62,ny/eki_et_ptr_00233.txt
5,46,ny/eki_et_ptr_00234.txt
7,52,ny/eki_et_ptr_00235.txt
8,45,ny/eki_et_ptr_00236.txt
5,47,ny/eki_et_ptr_00237.txt
6,57,ny/eki_et_ptr_00238.txt
8,48,ny/eki_et_ptr_00239.txt
6,42,ny/eki_et_ptr_00240.txt
4,23,ny/eki_et_ptr_00241.txt
7,40,ny/eki_et_ptr_00242.txt
7,46,ny/eki_et_ptr_00243.txt
7,63,ny/eki_et_ptr_00244.txt
7,45,ny/eki_et_ptr_00245.txt
9,71,ny/eki_et_ptr_00246.txt
12,83,ny/eki_et_ptr_00247.txt
10,80,ny/eki_et_ptr_00248.txt
10,66,ny/eki_et_ptr_00249.txt
7,42,ny/eki_et_ptr_00250.txt
10,68,ny/eki_et_ptr_00251.txt
8,40,ny/eki_et_ptr_00252.txt
16,107,ny/eki_et_ptr_00253.txt
10,69,ny/eki_et_ptr_00254.txt
11,71,ny/eki_et_ptr_00255.txt
11,100,ny/eki_et_ptr_00256.txt
8,66,ny/eki_et_ptr_00257.txt
9,74,ny/eki_et_ptr_00258.txt
7,40,ny/eki_et_ptr_00259.txt
7,47,ny/eki_et_ptr_00260.txt
7,69,ny/eki_et_ptr_00261.txt
6,40,ny/eki_et_ptr_00262.txt
8,48,ny/eki_et_ptr_00263.txt
10,65,ny/eki_et_ptr_00264.txt
6,53,ny/eki_et_ptr_00265.txt
6,39,ny/eki_et_ptr_00266.txt
9,63,ny/eki_et_ptr_00267.txt
7,49,ny/eki_et_ptr_00268.txt
6,42,ny/eki_et_ptr_00269.txt
8,50,ny/eki_et_ptr_00270.txt
12,74,ny/eki_et_ptr_00271.txt
13,103,ny/eki_et_ptr_00272.txt
9,59,ny/eki_et_ptr_00273.txt
7,53,ny/eki_et_ptr_00274.txt
11,62,ny/eki_et_ptr_00275.txt
6,47,ny/eki_et_ptr_00276.txt
15,83,ny/eki_et_ptr_00277.txt
8,50,ny/eki_et_ptr_00278.txt
7,55,ny/eki_et_ptr_00279.txt
8,56,ny/eki_et_ptr_00280.txt
8,56,ny/eki_et_ptr_00281.txt
6,34,ny/eki_et_ptr_00282.txt
7,37,ny/eki_et_ptr_00283.txt
5,36,ny/eki_et_ptr_00284.txt
5,28,ny/eki_et_ptr_00285.txt
12,90,ny/eki_et_ptr_00286.txt
7,44,ny/eki_et_ptr_00287.txt
6,45,ny/eki_et_ptr_00288.txt
5,28,ny/eki_et_ptr_00289.txt
4,39,ny/eki_et_ptr_00290.txt
10,75,ny/eki_et_ptr_00291.txt
7,55,ny/eki_et_ptr_00292.txt
9,77,ny/eki_et_ptr_00293.txt
4,35,ny/eki_et_ptr_00294.txt
6,40,ny/eki_et_ptr_00295.txt
6,51,ny/eki_et_ptr_00296.txt
5,33,ny/eki_et_ptr_00297.txt
8,78,ny/eki_et_ptr_00298.txt
10,96,ny/eki_et_ptr_00299.txt
6,54,ny/eki_et_ptr_00300.txt
6,64,ny/eki_et_ptr_00301.txt
6,62,ny/eki_et_ptr_00302.txt
6,61,ny/eki_et_ptr_00303.txt
7,50,ny/eki_et_ptr_00304.txt
7,49,ny/eki_et_ptr_00305.txt
5,40,ny/eki_et_ptr_00306.txt
4,44,ny/eki_et_ptr_00307.txt
4,46,ny/eki_et_ptr_00308.txt
5,40,ny/eki_et_ptr_00309.txt
5,33,ny/eki_et_ptr_00310.txt
6,49,ny/eki_et_ptr_00311.txt
12,88,ny/eki_et_ptr_00312.txt
5,54,ny/eki_et_ptr_00313.txt
12,90,ny/eki_et_ptr_00314.txt
13,111,ny/eki_et_ptr_00315.txt
9,55,ny/eki_et_ptr_00316.txt
8,72,ny/eki_et_ptr_00317.txt
15,115,ny/eki_et_ptr_00318.txt
16,130,ny/eki_et_ptr_00319.txt
7,53,ny/eki_et_ptr_00320.txt
6,61,ny/eki_et_ptr_00321.txt
9,79,ny/eki_et_ptr_00322.txt
6,64,ny/eki_et_ptr_00323.txt
4,43,ny/eki_et_ptr_00324.txt
6,56,ny/eki_et_ptr_00325.txt
9,70,ny/eki_et_ptr_00326.txt
5,38,ny/eki_et_ptr_00327.txt
6,48,ny/eki_et_ptr_00328.txt
4,36,ny/eki_et_ptr_00329.txt
8,53,ny/eki_et_ptr_00330.txt
7,61,ny/eki_et_ptr_00331.txt
4,39,ny/eki_et_ptr_00332.txt
4,53,ny/eki_et_ptr_00333.txt
6,64,ny/eki_et_ptr_00334.txt
6,47,ny/eki_et_ptr_00335.txt
7,57,ny/eki_et_ptr_00336.txt
9,77,ny/eki_et_ptr_00337.txt
8,69,ny/eki_et_ptr_00338.txt
9,66,ny/eki_et_ptr_00339.txt
4,49,ny/eki_et_ptr_00340.txt
4,35,ny/eki_et_ptr_00341.txt
4,40,ny/eki_et_ptr_00342.txt
4,35,ny/eki_et_ptr_00343.txt
8,83,ny/eki_et_ptr_00344.txt
3,32,ny/eki_et_ptr_00345.txt
4,44,ny/eki_et_ptr_00346.txt
5,47,ny/eki_et_ptr_00347.txt
4,30,ny/eki_et_ptr_00348.txt
4,47,ny/eki_et_ptr_00349.txt
4,36,ny/eki_et_ptr_00350.txt
6,46,ny/eki_et_ptr_00351.txt
6,45,ny/eki_et_ptr_00352.txt
9,71,ny/eki_et_ptr_00353.txt
4,28,ny/eki_et_ptr_00354.txt
5,42,ny/eki_et_ptr_00355.txt
6,59,ny/eki_et_ptr_00356.txt
4,26,ny/eki_et_ptr_00357.txt
4,26,ny/eki_et_ptr_00358.txt
8,57,ny/eki_et_ptr_00359.txt
5,36,ny/eki_et_ptr_00360.txt
7,68,ny/eki_et_ptr_00361.txt
10,64,ny/eki_et_ptr_00362.txt
4,42,ny/eki_et_ptr_00363.txt
5,47,ny/eki_et_ptr_00364.txt
5,32,ny/eki_et_ptr_00365.txt
6,58,ny/eki_et_ptr_00366.txt
5,47,ny/eki_et_ptr_00367.txt
5,53,ny/eki_et_ptr_00368.txt
10,89,ny/eki_et_ptr_00369.txt
5,37,ny/eki_et_ptr_00370.txt
9,81,ny/eki_et_ptr_00371.txt
5,53,ny/eki_et_ptr_00372.txt
6,50,ny/eki_et_ptr_00373.txt
8,62,ny/eki_et_ptr_00374.txt
6,55,ny/eki_et_ptr_00375.txt
7,57,ny/eki_et_ptr_00376.txt
8,47,ny/eki_et_ptr_00377.txt
4,25,ny/eki_et_ptr_00378.txt
5,40,ny/eki_et_ptr_00379.txt
6,47,ny/eki_et_ptr_00380.txt
7,61,ny/eki_et_ptr_00381.txt
5,51,ny/eki_et_ptr_00382.txt
5,53,ny/eki_et_ptr_00383.txt
6,49,ny/eki_et_ptr_00384.txt
4,54,ny/eki_et_ptr_00385.txt
8,62,ny/eki_et_ptr_00386.txt
5,41,ny/eki_et_ptr_00387.txt
4,24,ny/eki_et_ptr_00388.txt
7,48,ny/eki_et_ptr_00389.txt
5,39,ny/eki_et_ptr_00390.txt
10,76,ny/eki_et_ptr_00391.txt
6,50,ny/eki_et_ptr_00392.txt
4,23,ny/eki_et_ptr_00393.txt
5,48,ny/eki_et_ptr_00394.txt
9,83,ny/eki_et_ptr_00395.txt
5,55,ny/eki_et_ptr_00396.txt
5,50,ny/eki_et_ptr_00397.txt
6,50,ny/eki_et_ptr_00398.txt
6,62,ny/eki_et_ptr_00399.txt
7,56,ny/eki_et_ptr_00400.txt
15,113,ny/eki_et_ptr_00401.txt
6,50,ny/eki_et_ptr_00402.txt
7,72,ny/eki_et_ptr_00403.txt
7,66,ny/eki_et_ptr_00404.txt
7,71,ny/eki_et_ptr_00405.txt
5,44,ny/eki_et_ptr_00406.txt
5,54,ny/eki_et_ptr_00407.txt
6,39,ny/eki_et_ptr_00408.txt
6,45,ny/eki_et_ptr_00409.txt
8,48,ny/eki_et_ptr_00410.txt
7,39,ny/eki_et_ptr_00411.txt
4,36,ny/eki_et_ptr_00412.txt
3,28,ny/eki_et_ptr_00413.txt
7,46,ny/eki_et_ptr_00414.txt
3,19,ny/eki_et_ptr_00415.txt
8,53,ny/eki_et_ptr_00416.txt
6,32,ny/eki_et_ptr_00417.txt
4,32,ny/eki_et_ptr_00418.txt
3,24,ny/eki_et_ptr_00419.txt
5,33,ny/eki_et_ptr_00420.txt
5,34,ny/eki_et_ptr_00421.txt
4,23,ny/eki_et_ptr_00422.txt
2,17,ny/eki_et_ptr_00423.txt
4,33,ny/eki_et_ptr_00424.txt
6,35,ny/eki_et_ptr_00425.txt
2,18,ny/eki_et_ptr_00426.txt
1,8,ny/eki_et_ptr_00427.txt
1,5,ny/eki_et_ptr_00428.txt
1,6,ny/eki_et_ptr_00429.txt
1,5,ny/eki_et_ptr_00430.txt
1,7,ny/eki_et_ptr_00431.txt
1,7,ny/eki_et_ptr_00432.txt
3,26,ny/eki_et_ptr_00433.txt
3,18,ny/eki_et_ptr_00434.txt
2,17,ny/eki_et_ptr_00435.txt
1,13,ny/eki_et_ptr_00436.txt
2,12,ny/eki_et_ptr_00437.txt
1,14,ny/eki_et_ptr_00438.txt
5,45,ny/eki_et_ptr_00439.txt
5,28,ny/eki_et_ptr_00440.txt
4,27,ny/eki_et_ptr_00441.txt
5,23,ny/eki_et_ptr_00442.txt
5,28,ny/eki_et_ptr_00443.txt
6,28,ny/eki_et_ptr_00444.txt
3,17,ny/eki_et_ptr_00445.txt
7,42,ny/eki_et_ptr_00446.txt
7,54,ny/eki_et_ptr_00447.txt
8,54,ny/eki_et_ptr_00448.txt
5,38,ny/eki_et_ptr_00449.txt
6,41,ny/eki_et_ptr_00450.txt
6,37,ny/eki_et_ptr_00451.txt
7,62,ny/eki_et_ptr_00452.txt
7,51,ny/eki_et_ptr_00453.txt
8,78,ny/eki_et_ptr_00454.txt
5,27,ny/eki_et_ptr_00455.txt
6,44,ny/eki_et_ptr_00456.txt
8,53,ny/eki_et_ptr_00457.txt
6,37,ny/eki_et_ptr_00458.txt
8,49,ny/eki_et_ptr_00459.txt
5,35,ny/eki_et_ptr_00460.txt
5,39,ny/eki_et_ptr_00461.txt
7,49,ny/eki_et_ptr_00462.txt
8,51,ny/eki_et_ptr_00463.txt
13,66,ny/eki_et_ptr_00464.txt
5,30,ny/eki_et_ptr_00465.txt
5,26,ny/eki_et_ptr_00466.txt
3,19,ny/eki_et_ptr_00467.txt
8,57,ny/eki_et_ptr_00468.txt
8,57,ny/eki_et_ptr_00469.txt
7,37,ny/eki_et_ptr_00470.txt
5,33,ny/eki_et_ptr_00471.txt
8,61,ny/eki_et_ptr_00472.txt
8,51,ny/eki_et_ptr_00473.txt
7,43,ny/eki_et_ptr_00474.txt
11,73,ny/eki_et_ptr_00475.txt
5,51,ny/eki_et_ptr_00476.txt
7,39,ny/eki_et_ptr_00477.txt
4,33,ny/eki_et_ptr_00478.txt
10,71,ny/eki_et_ptr_00479.txt
7,43,ny/eki_et_ptr_00480.txt
5,38,ny/eki_et_ptr_00481.txt
6,43,ny/eki_et_ptr_00482.txt
8,49,ny/eki_et_ptr_00483.txt
8,54,ny/eki_et_ptr_00484.txt
7,38,ny/eki_et_ptr_00485.txt
6,39,ny/eki_et_ptr_00486.txt
9,69,ny/eki_et_ptr_00487.txt
15,106,ny/eki_et_ptr_00488.txt
14,153,ny/eki_et_ptr_00489.txt
7,59,ny/eki_et_ptr_00490.txt
17,119,ny/eki_et_ptr_00491.txt
24,147,ny/eki_et_ptr_00492.txt
7,37,ny/eki_et_ptr_00493.txt
17,123,ny/eki_et_ptr_00494.txt
17,130,ny/eki_et_ptr_00495.txt
15,116,ny/eki_et_ptr_00496.txt
20,120,ny/eki_et_ptr_00497.txt
19,121,ny/eki_et_ptr_00498.txt
14,115,ny/eki_et_ptr_00499.txt
16,118,ny/eki_et_ptr_00500.txt
19,118,ny/eki_et_ptr_00501.txt
31,238,ny/eki_et_ptr_00502.txt
12,82,ny/eki_et_ptr_00503.txt
23,139,ny/eki_et_ptr_00504.txt
11,92,ny/eki_et_ptr_00505.txt
11,111,ny/eki_et_ptr_00506.txt
23,190,ny/eki_et_ptr_00507.txt
20,171,ny/eki_et_ptr_00508.txt
14,115,ny/eki_et_ptr_00509.txt
17,128,ny/eki_et_ptr_00510.txt
15,142,ny/eki_et_ptr_00511.txt
19,129,ny/eki_et_ptr_00512.txt
21,142,ny/eki_et_ptr_00513.txt
17,129,ny/eki_et_ptr_00514.txt
20,129,ny/eki_et_ptr_00515.txt
21,129,ny/eki_et_ptr_00516.txt
18,124,ny/eki_et_ptr_00517.txt
16,119,ny/eki_et_ptr_00518.txt
19,122,ny/eki_et_ptr_00519.txt
19,124,ny/eki_et_ptr_00520.txt
14,123,ny/eki_et_ptr_00521.txt
18,123,ny/eki_et_ptr_00522.txt
25,137,ny/eki_et_ptr_00523.txt
18,119,ny/eki_et_ptr_00524.txt
21,122,ny/eki_et_ptr_00525.txt
17,116,ny/eki_et_ptr_00526.txt
17,117,ny/eki_et_ptr_00527.txt
16,118,ny/eki_et_ptr_00528.txt
16,118,ny/eki_et_ptr_00529.txt
17,119,ny/eki_et_ptr_00530.txt
16,118,ny/eki_et_ptr_00531.txt
16,119,ny/eki_et_ptr_00532.txt
19,130,ny/eki_et_ptr_00533.txt
14,125,ny/eki_et_ptr_00534.txt
18,132,ny/eki_et_ptr_00535.txt
13,125,ny/eki_et_ptr_00536.txt
16,131,ny/eki_et_ptr_00537.txt
26,158,ny/eki_et_ptr_00538.txt
23,152,ny/eki_et_ptr_00539.txt
19,117,ny/eki_et_ptr_00540.txt
19,116,ny/eki_et_ptr_00541.txt
19,116,ny/eki_et_ptr_00542.txt
21,119,ny/eki_et_ptr_00543.txt
12,110,ny/eki_et_ptr_00544.txt
15,114,ny/eki_et_ptr_00545.txt
10,108,ny/eki_et_ptr_00546.txt
17,115,ny/eki_et_ptr_00547.txt
14,113,ny/eki_et_ptr_00548.txt
13,110,ny/eki_et_ptr_00549.txt
23,132,ny/eki_et_ptr_00550.txt
18,127,ny/eki_et_ptr_00551.txt
18,126,ny/eki_et_ptr_00552.txt
17,137,ny/eki_et_ptr_00553.txt
20,126,ny/eki_et_ptr_00554.txt
18,128,ny/eki_et_ptr_00555.txt
17,126,ny/eki_et_ptr_00556.txt
12,119,ny/eki_et_ptr_00557.txt
18,126,ny/eki_et_ptr_00558.txt
16,124,ny/eki_et_ptr_00559.txt
23,138,ny/eki_et_ptr_00560.txt
18,144,ny/eki_et_ptr_00561.txt
28,165,ny/eki_et_ptr_00562.txt
21,122,ny/eki_et_ptr_00563.txt
16,120,ny/eki_et_ptr_00564.txt
15,118,ny/eki_et_ptr_00565.txt
15,117,ny/eki_et_ptr_00566.txt
15,114,ny/eki_et_ptr_00567.txt
12,109,ny/eki_et_ptr_00568.txt
15,116,ny/eki_et_ptr_00569.txt
17,118,ny/eki_et_ptr_00570.txt
12,96,ny/eki_et_ptr_00571.txt
18,121,ny/eki_et_ptr_00572.txt
8,57,ny/eki_et_ptr_00573.txt
10,73,ny/eki_et_ptr_00574.txt
6,47,ny/eki_et_ptr_00575.txt
15,124,ny/eki_et_ptr_00576.txt
17,125,ny/eki_et_ptr_00577.txt
17,125,ny/eki_et_ptr_00578.txt
18,129,ny/eki_et_ptr_00579.txt
16,135,ny/eki_et_ptr_00580.txt
21,121,ny/eki_et_ptr_00581.txt
17,114,ny/eki_et_ptr_00582.txt
14,114,ny/eki_et_ptr_00583.txt
13,113,ny/eki_et_ptr_00584.txt
15,115,ny/eki_et_ptr_00585.txt
16,116,ny/eki_et_ptr_00586.txt
18,118,ny/eki_et_ptr_00587.txt
14,115,ny/eki_et_ptr_00588.txt
18,115,ny/eki_et_ptr_00589.txt
13,113,ny/eki_et_ptr_00590.txt
12,111,ny/eki_et_ptr_00591.txt
17,120,ny/eki_et_ptr_00592.txt
13,118,ny/eki_et_ptr_00593.txt
16,120,ny/eki_et_ptr_00594.txt
14,119,ny/eki_et_ptr_00595.txt
15,123,ny/eki_et_ptr_00596.txt
11,115,ny/eki_et_ptr_00597.txt
16,123,ny/eki_et_ptr_00598.txt
15,123,ny/eki_et_ptr_00599.txt
16,122,ny/eki_et_ptr_00600.txt
28,157,ny/eki_et_ptr_00601.txt
16,129,ny/eki_et_ptr_00602.txt
14,129,ny/eki_et_ptr_00603.txt
17,129,ny/eki_et_ptr_00604.txt
14,134,ny/eki_et_ptr_00605.txt
15,133,ny/eki_et_ptr_00606.txt
18,142,ny/eki_et_ptr_00607.txt
16,117,ny/eki_et_ptr_00608.txt
16,117,ny/eki_et_ptr_00609.txt
15,115,ny/eki_et_ptr_00610.txt
21,123,ny/eki_et_ptr_00611.txt
14,117,ny/eki_et_ptr_00612.txt
16,120,ny/eki_et_ptr_00613.txt
12,113,ny/eki_et_ptr_00614.txt
17,119,ny/eki_et_ptr_00615.txt
12,113,ny/eki_et_ptr_00616.txt
9,56,ny/eki_et_ptr_00617.txt
15,122,ny/eki_et_ptr_00618.txt
20,127,ny/eki_et_ptr_00619.txt
21,124,ny/eki_et_ptr_00620.txt
19,123,ny/eki_et_ptr_00621.txt
16,121,ny/eki_et_ptr_00622.txt
14,122,ny/eki_et_ptr_00623.txt
25,143,ny/eki_et_ptr_00624.txt
16,126,ny/eki_et_ptr_00625.txt
19,155,ny/eki_et_ptr_00626.txt
16,127,ny/eki_et_ptr_00627.txt
14,125,ny/eki_et_ptr_00628.txt
16,127,ny/eki_et_ptr_00629.txt
18,134,ny/eki_et_ptr_00630.txt
8,43,ny/eki_et_ptr_00631.txt
7,43,ny/eki_et_ptr_00632.txt
20,123,ny/eki_et_ptr_00633.txt
18,120,ny/eki_et_ptr_00634.txt
15,109,ny/eki_et_ptr_00635.txt
14,117,ny/eki_et_ptr_00636.txt
17,121,ny/eki_et_ptr_00637.txt
17,120,ny/eki_et_ptr_00638.txt
15,118,ny/eki_et_ptr_00639.txt
13,105,ny/eki_et_ptr_00640.txt
12,116,ny/eki_et_ptr_00641.txt
12,119,ny/eki_et_ptr_00642.txt
16,124,ny/eki_et_ptr_00643.txt
7,36,ny/eki_et_ptr_00644.txt
19,131,ny/eki_et_ptr_00645.txt
19,130,ny/eki_et_ptr_00646.txt
15,121,ny/eki_et_ptr_00647.txt
16,134,ny/eki_et_ptr_00648.txt
17,118,ny/eki_et_ptr_00649.txt
11,71,ny/eki_et_ptr_00650.txt
19,119,ny/eki_et_ptr_00651.txt
14,114,ny/eki_et_ptr_00652.txt
16,116,ny/eki_et_ptr_00653.txt
17,117,ny/eki_et_ptr_00654.txt
15,115,ny/eki_et_ptr_00655.txt
14,114,ny/eki_et_ptr_00656.txt
16,114,ny/eki_et_ptr_00657.txt
17,123,ny/eki_et_ptr_00658.txt
15,116,ny/eki_et_ptr_00659.txt
12,117,ny/eki_et_ptr_00660.txt
16,122,ny/eki_et_ptr_00661.txt
19,128,ny/eki_et_ptr_00662.txt
17,126,ny/eki_et_ptr_00663.txt
18,133,ny/eki_et_ptr_00664.txt
12,128,ny/eki_et_ptr_00665.txt
16,135,ny/eki_et_ptr_00666.txt
16,140,ny/eki_et_ptr_00667.txt
25,159,ny/eki_et_ptr_00668.txt
16,117,ny/eki_et_ptr_00669.txt
13,113,ny/eki_et_ptr_00670.txt
19,119,ny/eki_et_ptr_00671.txt
17,119,ny/eki_et_ptr_00672.txt
15,116,ny/eki_et_ptr_00673.txt
15,117,ny/eki_et_ptr_00674.txt
13,115,ny/eki_et_ptr_00675.txt
15,118,ny/eki_et_ptr_00676.txt
15,117,ny/eki_et_ptr_00677.txt
16,120,ny/eki_et_ptr_00678.txt
18,121,ny/eki_et_ptr_00679.txt
14,118,ny/eki_et_ptr_00680.txt
15,114,ny/eki_et_ptr_00681.txt
22,169,ny/eki_et_ptr_00682.txt
7,47,ny/eki_et_ptr_00683.txt
6,73,ny/eki_et_ptr_00684.txt
19,156,ny/eki_et_ptr_00685.txt
17,149,ny/eki_et_ptr_00686.txt
20,170,ny/eki_et_ptr_00687.txt
38,306,ny/eki_et_ptr_00688.txt
17,126,ny/eki_et_ptr_00689.txt
27,189,ny/eki_et_ptr_00690.txt
15,92,ny/eki_et_ptr_00691.txt
13,84,ny/eki_et_ptr_00692.txt
13,97,ny/eki_et_ptr_00693.txt
5,36,ny/eki_et_ptr_00694.txt
13,115,ny/eki_et_ptr_00695.txt
13,98,ny/eki_et_ptr_00696.txt
24,197,ny/eki_et_ptr_00697.txt
15,119,ny/eki_et_ptr_00698.txt
15,141,ny/eki_et_ptr_00699.txt
14,136,ny/eki_et_ptr_00700.txt
16,121,ny/eki_et_ptr_00701.txt
16,135,ny/eki_et_ptr_00702.txt
13,100,ny/eki_et_ptr_00703.txt
9,69,ny/eki_et_ptr_00704.txt
7,58,ny/eki_et_ptr_00705.txt
10,94,ny/eki_et_ptr_00706.txt
27,219,ny/eki_et_ptr_00707.txt
13,105,ny/eki_et_ptr_00708.txt
15,125,ny/eki_et_ptr_00709.txt
34,249,ny/eki_et_ptr_00710.txt
15,136,ny/eki_et_ptr_00711.txt
21,208,ny/eki_et_ptr_00712.txt
7,55,ny/eki_et_ptr_00713.txt
23,173,ny/eki_et_ptr_00714.txt
8,90,ny/eki_et_ptr_00715.txt
6,63,ny/eki_et_ptr_00716.txt
13,127,ny/eki_et_ptr_00717.txt
20,158,ny/eki_et_ptr_00718.txt
16,112,ny/eki_et_ptr_00719.txt
7,52,ny/eki_et_ptr_00720.txt
14,107,ny/eki_et_ptr_00721.txt
16,143,ny/eki_et_ptr_00722.txt
14,128,ny/eki_et_ptr_00723.txt
9,61,ny/eki_et_ptr_00724.txt
9,60,ny/eki_et_ptr_00725.txt
22,194,ny/eki_et_ptr_00726.txt
10,76,ny/eki_et_ptr_00727.txt
9,73,ny/eki_et_ptr_00728.txt
11,81,ny/eki_et_ptr_00729.txt
8,74,ny/eki_et_ptr_00730.txt
14,109,ny/eki_et_ptr_00731.txt
16,144,ny/eki_et_ptr_00732.txt
13,116,ny/eki_et_ptr_00733.txt
20,171,ny/eki_et_ptr_00734.txt
9,78,ny/eki_et_ptr_00735.txt
11,122,ny/eki_et_ptr_00736.txt
7,57,ny/eki_et_ptr_00737.txt
11,112,ny/eki_et_ptr_00738.txt
17,137,ny/eki_et_ptr_00739.txt
18,133,ny/eki_et_ptr_00740.txt
12,119,ny/eki_et_ptr_00741.txt
6,51,ny/eki_et_ptr_00742.txt
10,63,ny/eki_et_ptr_00743.txt
24,166,ny/eki_et_ptr_00744.txt
20,157,ny/eki_et_ptr_00745.txt
20,180,ny/eki_et_ptr_00746.txt
13,111,ny/eki_et_ptr_00747.txt
21,168,ny/eki_et_ptr_00748.txt
10,85,ny/eki_et_ptr_00749.txt
21,200,ny/eki_et_ptr_00750.txt
12,110,ny/eki_et_ptr_00751.txt
10,72,ny/eki_et_ptr_00752.txt
21,156,ny/eki_et_ptr_00753.txt
10,78,ny/eki_et_ptr_00754.txt
16,119,ny/eki_et_ptr_00755.txt
13,102,ny/eki_et_ptr_00756.txt
9,69,ny/eki_et_ptr_00757.txt
34,245,ny/eki_et_ptr_00758.txt
17,161,ny/eki_et_ptr_00759.txt
12,93,ny/eki_et_ptr_00760.txt
19,160,ny/eki_et_ptr_00761.txt
14,99,ny/eki_et_ptr_00762.txt
11,85,ny/eki_et_ptr_00763.txt
30,226,ny/eki_et_ptr_00764.txt
4,37,ny/eki_et_ptr_00765.txt
12,86,ny/eki_et_ptr_00766.txt
19,115,ny/eki_et_ptr_00767.txt
6,41,ny/eki_et_ptr_00768.txt
10,105,ny/eki_et_ptr_00769.txt
15,114,ny/eki_et_ptr_00770.txt
6,58,ny/eki_et_ptr_00771.txt
7,66,ny/eki_et_ptr_00772.txt
11,97,ny/eki_et_ptr_00773.txt
11,66,ny/eki_et_ptr_00774.txt
16,118,ny/eki_et_ptr_00775.txt
6,50,ny/eki_et_ptr_00776.txt
11,80,ny/eki_et_ptr_00777.txt
12,96,ny/eki_et_ptr_00778.txt
7,54,ny/eki_et_ptr_00779.txt
7,50,ny/eki_et_ptr_00780.txt
15,119,ny/eki_et_ptr_00781.txt
15,101,ny/eki_et_ptr_00782.txt
11,80,ny/eki_et_ptr_00783.txt
7,52,ny/eki_et_ptr_00784.txt
13,93,ny/eki_et_ptr_00785.txt
11,93,ny/eki_et_ptr_00786.txt
6,54,ny/eki_et_ptr_00787.txt
9,64,ny/eki_et_ptr_00788.txt
7,63,ny/eki_et_ptr_00789.txt
7,64,ny/eki_et_ptr_00790.txt
6,67,ny/eki_et_ptr_00791.txt
18,132,ny/eki_et_ptr_00792.txt
13,88,ny/eki_et_ptr_00793.txt
15,97,ny/eki_et_ptr_00794.txt
8,69,ny/eki_et_ptr_00795.txt
12,108,ny/eki_et_ptr_00796.txt
4,36,ny/eki_et_ptr_00797.txt
10,70,ny/eki_et_ptr_00798.txt
12,95,ny/eki_et_ptr_00799.txt
18,128,ny/eki_et_ptr_00800.txt
15,115,ny/eki_et_ptr_00801.txt
17,118,ny/eki_et_ptr_00802.txt
19,131,ny/eki_et_ptr_00803.txt
17,120,ny/eki_et_ptr_00804.txt
16,128,ny/eki_et_ptr_00805.txt
11,112,ny/eki_et_ptr_00806.txt
11,59,ny/eki_et_ptr_00807.txt
18,117,ny/eki_et_ptr_00808.txt
17,121,ny/eki_et_ptr_00809.txt
17,114,ny/eki_et_ptr_00810.txt
8,52,ny/eki_et_ptr_00811.txt
8,50,ny/eki_et_ptr_00812.txt
4,42,ny/eki_et_ptr_00813.txt
14,107,ny/eki_et_ptr_00814.txt
17,118,ny/eki_et_ptr_00815.txt
5,33,ny/eki_et_ptr_00816.txt
7,48,ny/eki_et_ptr_00817.txt
3,14,ny/eki_et_ptr_00818.txt
4,29,ny/eki_et_ptr_00819.txt
7,52,ny/eki_et_ptr_00820.txt
4,34,ny/eki_et_ptr_00821.txt
7,34,ny/eki_et_ptr_00822.txt
7,55,ny/eki_et_ptr_00823.txt
3,35,ny/eki_et_ptr_00824.txt
5,51,ny/eki_et_ptr_00825.txt
6,40,ny/eki_et_ptr_00826.txt
5,42,ny/eki_et_ptr_00827.txt
5,44,ny/eki_et_ptr_00828.txt
6,52,ny/eki_et_ptr_00829.txt
4,31,ny/eki_et_ptr_00830.txt
8,67,ny/eki_et_ptr_00831.txt
5,27,ny/eki_et_ptr_00832.txt
8,79,ny/eki_et_ptr_00833.txt
7,72,ny/eki_et_ptr_00834.txt
4,44,ny/eki_et_ptr_00835.txt
10,69,ny/eki_et_ptr_00836.txt
12,90,ny/eki_et_ptr_00837.txt
13,104,ny/eki_et_ptr_00838.txt
14,119,ny/eki_et_ptr_00839.txt
7,60,ny/eki_et_ptr_00840.txt
15,138,ny/eki_et_ptr_00841.txt
13,109,ny/eki_et_ptr_00842.txt
17,147,ny/eki_et_ptr_00843.txt
12,119,ny/eki_et_ptr_00844.txt
7,66,ny/eki_et_ptr_00845.txt
25,202,ny/eki_et_ptr_00846.txt
12,111,ny/eki_et_ptr_00847.txt
10,76,ny/eki_et_ptr_00848.txt
7,60,ny/eki_et_ptr_00849.txt
13,122,ny/eki_et_ptr_00850.txt
16,135,ny/eki_et_ptr_00851.txt
17,128,ny/eki_et_ptr_00852.txt
17,122,ny/eki_et_ptr_00853.txt
16,117,ny/eki_et_ptr_00854.txt
13,115,ny/eki_et_ptr_00855.txt
21,123,ny/eki_et_ptr_00856.txt
17,122,ny/eki_et_ptr_00857.txt
20,123,ny/eki_et_ptr_00858.txt
15,119,ny/eki_et_ptr_00859.txt
17,118,ny/eki_et_ptr_00860.txt
10,60,ny/eki_et_ptr_00861.txt
10,60,ny/eki_et_ptr_00862.txt
12,110,ny/eki_et_ptr_00863.txt
15,113,ny/eki_et_ptr_00864.txt
7,48,ny/eki_et_ptr_00865.txt
15,121,ny/eki_et_ptr_00866.txt
13,100,ny/eki_et_ptr_00867.txt
13,118,ny/eki_et_ptr_00868.txt
14,121,ny/eki_et_ptr_00869.txt
12,118,ny/eki_et_ptr_00870.txt
19,124,ny/eki_et_ptr_00871.txt
17,122,ny/eki_et_ptr_00872.txt
21,123,ny/eki_et_ptr_00873.txt
22,122,ny/eki_et_ptr_00874.txt
21,138,ny/eki_et_ptr_00875.txt
15,113,ny/eki_et_ptr_00876.txt
16,118,ny/eki_et_ptr_00877.txt
14,116,ny/eki_et_ptr_00878.txt
8,50,ny/eki_et_ptr_00879.txt
23,136,ny/eki_et_ptr_00880.txt
14,124,ny/eki_et_ptr_00881.txt
22,129,ny/eki_et_ptr_00882.txt
8,45,ny/eki_et_ptr_00883.txt
7,45,ny/eki_et_ptr_00884.txt
7,39,ny/eki_et_ptr_00885.txt
7,38,ny/eki_et_ptr_00886.txt
14,115,ny/eki_et_ptr_00887.txt
17,123,ny/eki_et_ptr_00888.txt
5,56,ny/eki_et_ptr_00889.txt
15,117,ny/eki_et_ptr_00890.txt
18,121,ny/eki_et_ptr_00891.txt
14,92,ny/eki_et_ptr_00892.txt
24,142,ny/eki_et_ptr_00893.txt
14,115,ny/eki_et_ptr_00894.txt
17,118,ny/eki_et_ptr_00895.txt
17,116,ny/eki_et_ptr_00896.txt
24,147,ny/eki_et_ptr_00897.txt
7,39,ny/eki_et_ptr_00898.txt
8,40,ny/eki_et_ptr_00899.txt
16,125,ny/eki_et_ptr_00900.txt
9,54,ny/eki_et_ptr_00901.txt
21,127,ny/eki_et_ptr_00902.txt
18,124,ny/eki_et_ptr_00903.txt
18,124,ny/eki_et_ptr_00904.txt
18,122,ny/eki_et_ptr_00905.txt
16,116,ny/eki_et_ptr_00906.txt
15,115,ny/eki_et_ptr_00907.txt
22,125,ny/eki_et_ptr_00908.txt
17,126,ny/eki_et_ptr_00909.txt
18,131,ny/eki_et_ptr_00910.txt
22,139,ny/eki_et_ptr_00911.txt
22,123,ny/eki_et_ptr_00912.txt
13,100,ny/eki_et_ptr_00913.txt
14,115,ny/eki_et_ptr_00914.txt
19,123,ny/eki_et_ptr_00915.txt
18,134,ny/eki_et_ptr_00916.txt
10,76,ny/eki_et_ptr_00917.txt
10,72,ny/eki_et_ptr_00918.txt
5,47,ny/eki_et_ptr_00919.txt
5,49,ny/eki_et_ptr_00920.txt
6,39,ny/eki_et_ptr_00921.txt
4,31,ny/eki_et_ptr_00922.txt
4,31,ny/eki_et_ptr_00923.txt
3,24,ny/eki_et_ptr_00924.txt
8,45,ny/eki_et_ptr_00925.txt
7,54,ny/eki_et_ptr_00926.txt
4,36,ny/eki_et_ptr_00927.txt
11,67,ny/eki_et_ptr_00928.txt
7,48,ny/eki_et_ptr_00929.txt
8,55,ny/eki_et_ptr_00930.txt
4,34,ny/eki_et_ptr_00931.txt
5,35,ny/eki_et_ptr_00932.txt
7,53,ny/eki_et_ptr_00933.txt
6,52,ny/eki_et_ptr_00934.txt
4,36,ny/eki_et_ptr_00935.txt
5,42,ny/eki_et_ptr_00936.txt
5,43,ny/eki_et_ptr_00937.txt
5,42,ny/eki_et_ptr_00938.txt
5,39,ny/eki_et_ptr_00939.txt
5,39,ny/eki_et_ptr_00940.txt
7,44,ny/eki_et_ptr_00941.txt
7,59,ny/eki_et_ptr_00942.txt
7,42,ny/eki_et_ptr_00943.txt
9,63,ny/eki_et_ptr_00944.txt
5,48,ny/eki_et_ptr_00945.txt
9,58,ny/eki_et_ptr_00946.txt
5,42,ny/eki_et_ptr_00947.txt
6,48,ny/eki_et_ptr_00948.txt
9,74,ny/eki_et_ptr_00949.txt
12,75,ny/eki_et_ptr_00950.txt
7,42,ny/eki_et_ptr_00951.txt
6,51,ny/eki_et_ptr_00952.txt
6,45,ny/eki_et_ptr_00953.txt
8,55,ny/eki_et_ptr_00954.txt
6,36,ny/eki_et_ptr_00955.txt
7,57,ny/eki_et_ptr_00956.txt
8,65,ny/eki_et_ptr_00957.txt
7,55,ny/eki_et_ptr_00958.txt
5,36,ny/eki_et_ptr_00959.txt
8,62,ny/eki_et_ptr_00960.txt
10,61,ny/eki_et_ptr_00961.txt
9,71,ny/eki_et_ptr_00962.txt
7,60,ny/eki_et_ptr_00963.txt
8,61,ny/eki_et_ptr_00964.txt
8,66,ny/eki_et_ptr_00965.txt
6,47,ny/eki_et_ptr_00966.txt
6,48,ny/eki_et_ptr_00967.txt
7,44,ny/eki_et_ptr_00968.txt
11,66,ny/eki_et_ptr_00969.txt
7,48,ny/eki_et_ptr_00970.txt
7,48,ny/eki_et_ptr_00971.txt
9,54,ny/eki_et_ptr_00972.txt
7,52,ny/eki_et_ptr_00973.txt
9,61,ny/eki_et_ptr_00974.txt
10,79,ny/eki_et_ptr_00975.txt
6,44,ny/eki_et_ptr_00976.txt
8,70,ny/eki_et_ptr_00977.txt
6,47,ny/eki_et_ptr_00978.txt
7,50,ny/eki_et_ptr_00979.txt
7,58,ny/eki_et_ptr_00980.txt
15,106,ny/eki_et_ptr_00981.txt
9,72,ny/eki_et_ptr_00982.txt
12,83,ny/eki_et_ptr_00983.txt
7,50,ny/eki_et_ptr_00984.txt
11,76,ny/eki_et_ptr_00985.txt
10,59,ny/eki_et_ptr_00986.txt
8,63,ny/eki_et_ptr_00987.txt
9,65,ny/eki_et_ptr_00988.txt
8,45,ny/eki_et_ptr_00989.txt
9,51,ny/eki_et_ptr_00990.txt
9,67,ny/eki_et_ptr_00991.txt
4,32,ny/eki_et_ptr_00992.txt
6,33,ny/eki_et_ptr_00993.txt
4,35,ny/eki_et_ptr_00994.txt
6,32,ny/eki_et_ptr_00995.txt
5,30,ny/eki_et_ptr_00996.txt
11,69,ny/eki_et_ptr_00997.txt
8,62,ny/eki_et_ptr_00998.txt
5,53,ny/eki_et_ptr_00999.txt
8,66,ny/eki_et_ptr_01000.txt
5,32,ny/eki_et_ptr_01001.txt
7,49,ny/eki_et_ptr_01002.txt
8,44,ny/eki_et_ptr_01003.txt
12,81,ny/eki_et_ptr_01004.txt
10,63,ny/eki_et_ptr_01005.txt
9,59,ny/eki_et_ptr_01006.txt
13,69,ny/eki_et_ptr_01007.txt
13,97,ny/eki_et_ptr_01008.txt
7,44,ny/eki_et_ptr_01009.txt
1,5,ny/eki_et_ptr_01010.txt
1,7,ny/eki_et_ptr_01011.txt
1,7,ny/eki_et_ptr_01012.txt
1,7,ny/eki_et_ptr_01013.txt
1,6,ny/eki_et_ptr_01014.txt
1,7,ny/eki_et_ptr_01015.txt
8,69,ny/eki_et_ptr_01016.txt
6,51,ny/eki_et_ptr_01017.txt
7,62,ny/eki_et_ptr_01018.txt
7,54,ny/eki_et_ptr_01019.txt
6,49,ny/eki_et_ptr_01020.txt
6,42,ny/eki_et_ptr_10001.txt
6,43,ny/eki_et_ptr_10002.txt
8,60,ny/eki_et_ptr_10003.txt
5,38,ny/eki_et_ptr_10004.txt
5,39,ny/eki_et_ptr_10005.txt
5,47,ny/eki_et_ptr_10006.txt
8,47,ny/eki_et_ptr_10007.txt
8,54,ny/eki_et_ptr_10008.txt
10,59,ny/eki_et_ptr_10009.txt
6,49,ny/eki_et_ptr_10010.txt
6,45,ny/eki_et_ptr_10011.txt
5,35,ny/eki_et_ptr_10012.txt
6,45,ny/eki_et_ptr_10013.txt
8,42,ny/eki_et_ptr_10014.txt
5,55,ny/eki_et_ptr_10015.txt
7,53,ny/eki_et_ptr_10016.txt
11,66,ny/eki_et_ptr_10017.txt
7,44,ny/eki_et_ptr_10018.txt
7,52,ny/eki_et_ptr_10019.txt
5,43,ny/eki_et_ptr_10020.txt
6,40,ny/eki_et_ptr_10021.txt
6,42,ny/eki_et_ptr_10022.txt
9,65,ny/eki_et_ptr_10023.txt
6,36,ny/eki_et_ptr_10024.txt
5,36,ny/eki_et_ptr_10025.txt
5,36,ny/eki_et_ptr_10026.txt
6,44,ny/eki_et_ptr_10027.txt
6,35,ny/eki_et_ptr_10028.txt
5,36,ny/eki_et_ptr_10029.txt
5,30,ny/eki_et_ptr_10030.txt
5,40,ny/eki_et_ptr_10031.txt
6,40,ny/eki_et_ptr_10032.txt
5,39,ny/eki_et_ptr_10033.txt
5,32,ny/eki_et_ptr_10034.txt
5,28,ny/eki_et_ptr_10035.txt
5,29,ny/eki_et_ptr_10036.txt
5,33,ny/eki_et_ptr_10037.txt
9,56,ny/eki_et_ptr_10038.txt
8,46,ny/eki_et_ptr_10039.txt
5,36,ny/eki_et_ptr_10040.txt
5,31,ny/eki_et_ptr_10041.txt
5,43,ny/eki_et_ptr_10042.txt
5,39,ny/eki_et_ptr_10043.txt
5,45,ny/eki_et_ptr_10044.txt
5,38,ny/eki_et_ptr_10045.txt
5,27,ny/eki_et_ptr_10046.txt
5,35,ny/eki_et_ptr_10047.txt
5,33,ny/eki_et_ptr_10048.txt
5,37,ny/eki_et_ptr_10049.txt
6,39,ny/eki_et_ptr_10050.txt
6,46,ny/eki_et_ptr_10051.txt
5,30,ny/eki_et_ptr_10052.txt
6,40,ny/eki_et_ptr_10053.txt
6,36,ny/eki_et_ptr_10054.txt
11,67,ny/eki_et_ptr_10055.txt
3,23,ny/eki_et_ptr_10056.txt
8,43,ny/eki_et_ptr_10057.txt
5,34,ny/eki_et_ptr_10058.txt
6,42,ny/eki_et_ptr_10059.txt
7,37,ny/eki_et_ptr_10060.txt
8,53,ny/eki_et_ptr_10061.txt
9,61,ny/eki_et_ptr_10062.txt
5,36,ny/eki_et_ptr_10063.txt
5,34,ny/eki_et_ptr_10064.txt
9,48,ny/eki_et_ptr_10065.txt
6,30,ny/eki_et_ptr_10066.txt
6,32,ny/eki_et_ptr_10067.txt
5,35,ny/eki_et_ptr_10068.txt
7,46,ny/eki_et_ptr_10069.txt
5,34,ny/eki_et_ptr_10070.txt
5,26,ny/eki_et_ptr_10071.txt
5,24,ny/eki_et_ptr_10072.txt
5,38,ny/eki_et_ptr_10073.txt
8,62,ny/eki_et_ptr_10074.txt
5,27,ny/eki_et_ptr_10075.txt
5,30,ny/eki_et_ptr_10076.txt
7,36,ny/eki_et_ptr_10077.txt
9,47,ny/eki_et_ptr_10078.txt
5,36,ny/eki_et_ptr_10079.txt
6,35,ny/eki_et_ptr_10080.txt
6,40,ny/eki_et_ptr_10081.txt
6,40,ny/eki_et_ptr_10082.txt
6,39,ny/eki_et_ptr_10083.txt
5,25,ny/eki_et_ptr_10084.txt
5,31,ny/eki_et_ptr_10085.txt
7,43,ny/eki_et_ptr_10086.txt
5,35,ny/eki_et_ptr_10087.txt
5,30,ny/eki_et_ptr_10088.txt
6,47,ny/eki_et_ptr_10089.txt
6,43,ny/eki_et_ptr_10090.txt
5,35,ny/eki_et_ptr_10091.txt
9,50,ny/eki_et_ptr_10092.txt
9,40,ny/eki_et_ptr_10093.txt
5,34,ny/eki_et_ptr_10094.txt
7,52,ny/eki_et_ptr_10095.txt
5,39,ny/eki_et_ptr_10096.txt
5,30,ny/eki_et_ptr_10097.txt
5,31,ny/eki_et_ptr_10098.txt
5,36,ny/eki_et_ptr_10099.txt
4,21,ny/eki_et_ptr_10100.txt
5,44,ny/eki_et_ptr_10101.txt
5,33,ny/eki_et_ptr_10102.txt
4,26,ny/eki_et_ptr_10103.txt
5,38,ny/eki_et_ptr_10104.txt
6,37,ny/eki_et_ptr_10105.txt
6,43,ny/eki_et_ptr_10106.txt
5,30,ny/eki_et_ptr_10107.txt
6,34,ny/eki_et_ptr_10108.txt
5,33,ny/eki_et_ptr_10109.txt
7,47,ny/eki_et_ptr_10110.txt
5,32,ny/eki_et_ptr_10111.txt
6,43,ny/eki_et_ptr_10112.txt
7,50,ny/eki_et_ptr_10113.txt
5,41,ny/eki_et_ptr_10114.txt
6,55,ny/eki_et_ptr_10115.txt
8,51,ny/eki_et_ptr_10116.txt
5,32,ny/eki_et_ptr_10117.txt
6,34,ny/eki_et_ptr_10118.txt
6,48,ny/eki_et_ptr_10119.txt
5,43,ny/eki_et_ptr_10120.txt
5,42,ny/eki_et_ptr_10121.txt
5,39,ny/eki_et_ptr_10122.txt
5,31,ny/eki_et_ptr_10123.txt
6,39,ny/eki_et_ptr_10124.txt
5,44,ny/eki_et_ptr_10125.txt
12,69,ny/eki_et_ptr_10126.txt
5,33,ny/eki_et_ptr_10127.txt
5,37,ny/eki_et_ptr_10128.txt
5,28,ny/eki_et_ptr_10129.txt
7,58,ny/eki_et_ptr_10130.txt
7,45,ny/eki_et_ptr_10131.txt
5,36,ny/eki_et_ptr_10132.txt
5,31,ny/eki_et_ptr_10133.txt
5,44,ny/eki_et_ptr_10134.txt
5,44,ny/eki_et_ptr_10135.txt
5,38,ny/eki_et_ptr_10136.txt
7,46,ny/eki_et_ptr_10137.txt
8,48,ny/eki_et_ptr_10138.txt
5,46,ny/eki_et_ptr_10139.txt
6,35,ny/eki_et_ptr_10140.txt
4,18,ny/eki_et_ptr_10141.txt
2,15,ny/eki_et_ptr_10142.txt
6,43,ny/eki_et_ptr_10143.txt
6,41,ny/eki_et_ptr_10144.txt
6,46,ny/eki_et_ptr_10145.txt
7,49,ny/eki_et_ptr_10146.txt
7,65,ny/eki_et_ptr_10147.txt
8,47,ny/eki_et_ptr_10148.txt
5,37,ny/eki_et_ptr_10149.txt
5,30,ny/eki_et_ptr_10150.txt
5,34,ny/eki_et_ptr_10151.txt
5,37,ny/eki_et_ptr_10152.txt
5,32,ny/eki_et_ptr_10153.txt
5,32,ny/eki_et_ptr_10154.txt
6,53,ny/eki_et_ptr_10155.txt
6,38,ny/eki_et_ptr_10156.txt
7,42,ny/eki_et_ptr_10157.txt
7,56,ny/eki_et_ptr_10158.txt
9,60,ny/eki_et_ptr_10159.txt
6,39,ny/eki_et_ptr_10160.txt
5,29,ny/eki_et_ptr_10161.txt
5,30,ny/eki_et_ptr_10162.txt
5,32,ny/eki_et_ptr_10163.txt
6,48,ny/eki_et_ptr_10164.txt
6,32,ny/eki_et_ptr_10165.txt
5,44,ny/eki_et_ptr_10166.txt
5,45,ny/eki_et_ptr_10167.txt
6,38,ny/eki_et_ptr_10168.txt
5,34,ny/eki_et_ptr_10169.txt
5,35,ny/eki_et_ptr_10170.txt
5,27,ny/eki_et_ptr_10171.txt
5,33,ny/eki_et_ptr_10172.txt
5,31,ny/eki_et_ptr_10173.txt
5,33,ny/eki_et_ptr_10174.txt
5,38,ny/eki_et_ptr_10175.txt
6,41,ny/eki_et_ptr_10176.txt
6,32,ny/eki_et_ptr_10177.txt
5,33,ny/eki_et_ptr_10178.txt
6,38,ny/eki_et_ptr_10179.txt
7,47,ny/eki_et_ptr_10180.txt
5,28,ny/eki_et_ptr_10181.txt
6,43,ny/eki_et_ptr_10182.txt
6,47,ny/eki_et_ptr_10183.txt
7,44,ny/eki_et_ptr_10184.txt
5,43,ny/eki_et_ptr_10185.txt
7,51,ny/eki_et_ptr_10186.txt
6,45,ny/eki_et_ptr_10187.txt
6,50,ny/eki_et_ptr_10188.txt
5,40,ny/eki_et_ptr_10189.txt
5,34,ny/eki_et_ptr_10190.txt
8,56,ny/eki_et_ptr_10191.txt
6,42,ny/eki_et_ptr_10192.txt
5,32,ny/eki_et_ptr_10193.txt
8,54,ny/eki_et_ptr_10194.txt
5,39,ny/eki_et_ptr_10195.txt
7,41,ny/eki_et_ptr_10196.txt
6,36,ny/eki_et_ptr_10197.txt
5,29,ny/eki_et_ptr_10198.txt
6,33,ny/eki_et_ptr_10199.txt
7,39,ny/eki_et_ptr_10200.txt
6,52,ny/eki_et_ptr_10201.txt
5,47,ny/eki_et_ptr_10202.txt
5,32,ny/eki_et_ptr_10203.txt
6,39,ny/eki_et_ptr_10204.txt
5,33,ny/eki_et_ptr_10205.txt
11,92,ny/eki_et_ptr_10206.txt
12,84,ny/eki_et_ptr_10207.txt
7,64,ny/eki_et_ptr_10208.txt
7,51,ny/eki_et_ptr_10209.txt
6,40,ny/eki_et_ptr_10210.txt
9,69,ny/eki_et_ptr_10211.txt
6,54,ny/eki_et_ptr_10212.txt
7,63,ny/eki_et_ptr_10213.txt
6,47,ny/eki_et_ptr_10214.txt
11,84,ny/eki_et_ptr_10215.txt
9,76,ny/eki_et_ptr_10216.txt
7,47,ny/eki_et_ptr_10217.txt
11,57,ny/eki_et_ptr_10218.txt
14,85,ny/eki_et_ptr_10219.txt
9,68,ny/eki_et_ptr_10220.txt
13,90,ny/eki_et_ptr_10221.txt
12,84,ny/eki_et_ptr_10222.txt
15,106,ny/eki_et_ptr_10223.txt
14,102,ny/eki_et_ptr_10224.txt
8,60,ny/eki_et_ptr_10225.txt
9,67,ny/eki_et_ptr_10226.txt
10,66,ny/eki_et_ptr_10227.txt
7,59,ny/eki_et_ptr_10228.txt
14,99,ny/eki_et_ptr_10229.txt
7,42,ny/eki_et_ptr_10230.txt
7,58,ny/eki_et_ptr_10231.txt
7,58,ny/eki_et_ptr_10232.txt
10,74,ny/eki_et_ptr_10233.txt
12,79,ny/eki_et_ptr_10234.txt
8,72,ny/eki_et_ptr_10235.txt
9,67,ny/eki_et_ptr_10236.txt
5,55,ny/eki_et_ptr_10237.txt
11,99,ny/eki_et_ptr_10238.txt
5,44,ny/eki_et_ptr_10239.txt
5,44,ny/eki_et_ptr_10240.txt
16,123,ny/eki_et_ptr_10241.txt
10,116,ny/eki_et_ptr_10242.txt
12,116,ny/eki_et_ptr_10243.txt
22,146,ny/eki_et_ptr_10244.txt
12,111,ny/eki_et_ptr_10245.txt
14,113,ny/eki_et_ptr_10246.txt
19,118,ny/eki_et_ptr_10247.txt
16,115,ny/eki_et_ptr_10248.txt
16,116,ny/eki_et_ptr_10249.txt
11,100,ny/eki_et_ptr_10250.txt
14,113,ny/eki_et_ptr_10251.txt
11,84,ny/eki_et_ptr_10252.txt
12,110,ny/eki_et_ptr_10253.txt
13,113,ny/eki_et_ptr_10254.txt
15,116,ny/eki_et_ptr_10255.txt
15,114,ny/eki_et_ptr_10256.txt
13,112,ny/eki_et_ptr_10257.txt
25,155,ny/eki_et_ptr_10258.txt
19,132,ny/eki_et_ptr_10259.txt
14,129,ny/eki_et_ptr_10260.txt
16,119,ny/eki_et_ptr_10261.txt
18,122,ny/eki_et_ptr_10262.txt
8,69,ny/eki_et_ptr_10263.txt
15,103,ny/eki_et_ptr_10264.txt
18,123,ny/eki_et_ptr_10265.txt
23,156,ny/eki_et_ptr_10266.txt
17,139,ny/eki_et_ptr_10267.txt
16,124,ny/eki_et_ptr_10268.txt
15,121,ny/eki_et_ptr_10269.txt
18,124,ny/eki_et_ptr_10270.txt
14,124,ny/eki_et_ptr_10271.txt
18,146,ny/eki_et_ptr_10272.txt
8,67,ny/eki_et_ptr_10273.txt
12,86,ny/eki_et_ptr_10274.txt
17,131,ny/eki_et_ptr_10275.txt
16,130,ny/eki_et_ptr_10276.txt
16,113,ny/eki_et_ptr_10277.txt
20,122,ny/eki_et_ptr_10278.txt
21,121,ny/eki_et_ptr_10279.txt
20,127,ny/eki_et_ptr_10280.txt
18,114,ny/eki_et_ptr_10281.txt
12,94,ny/eki_et_ptr_10282.txt
6,43,ny/eki_et_ptr_10283.txt
7,46,ny/eki_et_ptr_10284.txt
8,59,ny/eki_et_ptr_10285.txt
6,46,ny/eki_et_ptr_10286.txt
6,56,ny/eki_et_ptr_10287.txt
5,37,ny/eki_et_ptr_10288.txt
5,36,ny/eki_et_ptr_10289.txt
6,44,ny/eki_et_ptr_10290.txt
5,44,ny/eki_et_ptr_10291.txt
6,37,ny/eki_et_ptr_10292.txt
5,32,ny/eki_et_ptr_10293.txt
5,45,ny/eki_et_ptr_10294.txt
9,65,ny/eki_et_ptr_10295.txt
5,29,ny/eki_et_ptr_10296.txt
5,36,ny/eki_et_ptr_10297.txt
7,42,ny/eki_et_ptr_10298.txt
5,32,ny/eki_et_ptr_10299.txt
5,29,ny/eki_et_ptr_10300.txt
5,33,ny/eki_et_ptr_10301.txt
10,66,ny/eki_et_ptr_10302.txt
6,45,ny/eki_et_ptr_10303.txt
7,49,ny/eki_et_ptr_10304.txt
7,51,ny/eki_et_ptr_10305.txt
7,52,ny/eki_et_ptr_10306.txt
5,39,ny/eki_et_ptr_10307.txt
5,35,ny/eki_et_ptr_10308.txt
5,36,ny/eki_et_ptr_10309.txt
5,37,ny/eki_et_ptr_10310.txt
8,50,ny/eki_et_ptr_10311.txt
5,43,ny/eki_et_ptr_10312.txt
8,52,ny/eki_et_ptr_10313.txt
5,34,ny/eki_et_ptr_10314.txt
6,35,ny/eki_et_ptr_10315.txt
5,29,ny/eki_et_ptr_10316.txt
5,28,ny/eki_et_ptr_10317.txt
7,58,ny/eki_et_ptr_10318.txt
5,34,ny/eki_et_ptr_10319.txt
6,36,ny/eki_et_ptr_10320.txt
5,39,ny/eki_et_ptr_10321.txt
7,53,ny/eki_et_ptr_10322.txt
8,45,ny/eki_et_ptr_10323.txt
9,52,ny/eki_et_ptr_10324.txt
5,24,ny/eki_et_ptr_10325.txt
9,59,ny/eki_et_ptr_10326.txt
6,35,ny/eki_et_ptr_10327.txt
6,37,ny/eki_et_ptr_10328.txt
4,35,ny/eki_et_ptr_10329.txt
5,43,ny/eki_et_ptr_10330.txt
5,51,ny/eki_et_ptr_10331.txt
7,54,ny/eki_et_ptr_10332.txt
6,51,ny/eki_et_ptr_10333.txt
6,46,ny/eki_et_ptr_10334.txt
6,39,ny/eki_et_ptr_10335.txt
6,42,ny/eki_et_ptr_10336.txt
5,33,ny/eki_et_ptr_10337.txt
7,44,ny/eki_et_ptr_10338.txt
8,58,ny/eki_et_ptr_10339.txt
6,52,ny/eki_et_ptr_10340.txt
6,37,ny/eki_et_ptr_10341.txt
5,27,ny/eki_et_ptr_10342.txt
6,31,ny/eki_et_ptr_10343.txt
6,43,ny/eki_et_ptr_10344.txt
7,53,ny/eki_et_ptr_10345.txt
6,33,ny/eki_et_ptr_10346.txt
8,54,ny/eki_et_ptr_10347.txt
5,31,ny/eki_et_ptr_10348.txt
7,40,ny/eki_et_ptr_10349.txt
5,38,ny/eki_et_ptr_10350.txt
5,35,ny/eki_et_ptr_10351.txt
6,38,ny/eki_et_ptr_10352.txt
5,38,ny/eki_et_ptr_10353.txt
8,43,ny/eki_et_ptr_10354.txt
6,42,ny/eki_et_ptr_10355.txt
5,36,ny/eki_et_ptr_10356.txt
5,33,ny/eki_et_ptr_10357.txt
5,45,ny/eki_et_ptr_10358.txt
6,35,ny/eki_et_ptr_10359.txt
6,42,ny/eki_et_ptr_10360.txt
6,43,ny/eki_et_ptr_10361.txt
6,44,ny/eki_et_ptr_10362.txt
5,33,ny/eki_et_ptr_10363.txt
7,52,ny/eki_et_ptr_10364.txt
8,55,ny/eki_et_ptr_10365.txt
6,34,ny/eki_et_ptr_10366.txt
6,35,ny/eki_et_ptr_10367.txt
5,28,ny/eki_et_ptr_10368.txt
8,44,ny/eki_et_ptr_10369.txt
6,34,ny/eki_et_ptr_10370.txt
9,53,ny/eki_et_ptr_10371.txt
7,40,ny/eki_et_ptr_10372.txt
5,32,ny/eki_et_ptr_10373.txt
5,37,ny/eki_et_ptr_10374.txt
5,27,ny/eki_et_ptr_10375.txt
5,48,ny/eki_et_ptr_10376.txt
5,30,ny/eki_et_ptr_10377.txt
5,36,ny/eki_et_ptr_10378.txt
6,54,ny/eki_et_ptr_10379.txt
6,32,ny/eki_et_ptr_10380.txt
5,32,ny/eki_et_ptr_10381.txt
7,46,ny/eki_et_ptr_10382.txt
7,53,ny/eki_et_ptr_10383.txt
7,50,ny/eki_et_ptr_10384.txt
5,33,ny/eki_et_ptr_10385.txt
5,30,ny/eki_et_ptr_10386.txt
7,46,ny/eki_et_ptr_10387.txt
5,36,ny/eki_et_ptr_10388.txt
6,36,ny/eki_et_ptr_10389.txt
5,44,ny/eki_et_ptr_10390.txt
9,45,ny/eki_et_ptr_10391.txt
5,29,ny/eki_et_ptr_10392.txt
6,41,ny/eki_et_ptr_10393.txt
6,36,ny/eki_et_ptr_10394.txt
5,33,ny/eki_et_ptr_10395.txt
8,42,ny/eki_et_ptr_10396.txt
6,36,ny/eki_et_ptr_10397.txt
5,30,ny/eki_et_ptr_10398.txt
8,57,ny/eki_et_ptr_10399.txt
6,34,ny/eki_et_ptr_10400.txt
5,37,ny/eki_et_ptr_10401.txt
7,48,ny/eki_et_ptr_10402.txt
6,38,ny/eki_et_ptr_10403.txt
11,56,ny/eki_et_ptr_10404.txt
7,49,ny/eki_et_ptr_10405.txt
8,59,ny/eki_et_ptr_10406.txt
5,41,ny/eki_et_ptr_10407.txt
5,30,ny/eki_et_ptr_10408.txt
5,44,ny/eki_et_ptr_10409.txt
5,29,ny/eki_et_ptr_10410.txt
5,29,ny/eki_et_ptr_10411.txt
8,49,ny/eki_et_ptr_10412.txt
5,41,ny/eki_et_ptr_10413.txt
6,51,ny/eki_et_ptr_10414.txt
5,28,ny/eki_et_ptr_10415.txt
6,49,ny/eki_et_ptr_10416.txt
10,66,ny/eki_et_ptr_10417.txt
6,39,ny/eki_et_ptr_10418.txt
10,60,ny/eki_et_ptr_10419.txt
6,48,ny/eki_et_ptr_10420.txt
5,49,ny/eki_et_ptr_10421.txt
6,45,ny/eki_et_ptr_10422.txt
6,46,ny/eki_et_ptr_10423.txt
6,32,ny/eki_et_ptr_10424.txt
6,46,ny/eki_et_ptr_10425.txt
7,60,ny/eki_et_ptr_10426.txt
7,43,ny/eki_et_ptr_10427.txt
6,46,ny/eki_et_ptr_10428.txt
5,37,ny/eki_et_ptr_10429.txt
5,31,ny/eki_et_ptr_10430.txt
5,33,ny/eki_et_ptr_10431.txt
5,27,ny/eki_et_ptr_10432.txt
5,35,ny/eki_et_ptr_10433.txt
8,66,ny/eki_et_ptr_10434.txt
6,46,ny/eki_et_ptr_10435.txt
6,39,ny/eki_et_ptr_10436.txt
6,47,ny/eki_et_ptr_10437.txt
5,41,ny/eki_et_ptr_10438.txt
6,47,ny/eki_et_ptr_10439.txt
6,37,ny/eki_et_ptr_10440.txt
8,50,ny/eki_et_ptr_10441.txt
7,44,ny/eki_et_ptr_10442.txt
7,35,ny/eki_et_ptr_10443.txt
5,31,ny/eki_et_ptr_10444.txt
5,35,ny/eki_et_ptr_10445.txt
6,31,ny/eki_et_ptr_10446.txt
5,41,ny/eki_et_ptr_10447.txt
8,47,ny/eki_et_ptr_10448.txt
5,33,ny/eki_et_ptr_10449.txt
5,31,ny/eki_et_ptr_10450.txt
8,58,ny/eki_et_ptr_10451.txt
6,50,ny/eki_et_ptr_10452.txt
6,39,ny/eki_et_ptr_10453.txt
5,42,ny/eki_et_ptr_10454.txt
6,42,ny/eki_et_ptr_10455.txt
8,46,ny/eki_et_ptr_10456.txt
5,33,ny/eki_et_ptr_10457.txt
5,42,ny/eki_et_ptr_10458.txt
6,43,ny/eki_et_ptr_10459.txt
6,42,ny/eki_et_ptr_10460.txt
5,38,ny/eki_et_ptr_10461.txt
5,38,ny/eki_et_ptr_10462.txt
5,36,ny/eki_et_ptr_10463.txt
6,44,ny/eki_et_ptr_10464.txt
5,34,ny/eki_et_ptr_10465.txt
7,37,ny/eki_et_ptr_10466.txt
5,33,ny/eki_et_ptr_10467.txt
9,57,ny/eki_et_ptr_10468.txt
5,34,ny/eki_et_ptr_10469.txt
5,31,ny/eki_et_ptr_10470.txt
6,46,ny/eki_et_ptr_10471.txt
6,39,ny/eki_et_ptr_10472.txt
6,46,ny/eki_et_ptr_10473.txt
7,45,ny/eki_et_ptr_10474.txt
5,34,ny/eki_et_ptr_10475.txt
5,36,ny/eki_et_ptr_10476.txt
7,42,ny/eki_et_ptr_10477.txt
5,36,ny/eki_et_ptr_10478.txt
5,35,ny/eki_et_ptr_10479.txt
9,55,ny/eki_et_ptr_10480.txt
6,40,ny/eki_et_ptr_10481.txt
7,43,ny/eki_et_ptr_10482.txt
5,36,ny/eki_et_ptr_10483.txt
5,31,ny/eki_et_ptr_10484.txt
6,40,ny/eki_et_ptr_10485.txt
10,54,ny/eki_et_ptr_10486.txt
7,52,ny/eki_et_ptr_10487.txt
6,49,ny/eki_et_ptr_10488.txt
5,33,ny/eki_et_ptr_10489.txt
5,32,ny/eki_et_ptr_10490.txt
5,28,ny/eki_et_ptr_10491.txt
6,46,ny/eki_et_ptr_10492.txt
6,55,ny/eki_et_ptr_10493.txt
7,56,ny/eki_et_ptr_10494.txt
8,54,ny/eki_et_ptr_10495.txt
8,57,ny/eki_et_ptr_10496.txt
5,37,ny/eki_et_ptr_10497.txt
6,49,ny/eki_et_ptr_10498.txt
7,48,ny/eki_et_ptr_10499.txt
5,36,ny/eki_et_ptr_10500.txt
6,45,ny/eki_et_ptr_10501.txt
6,39,ny/eki_et_ptr_10502.txt
8,48,ny/eki_et_ptr_10503.txt
6,36,ny/eki_et_ptr_10504.txt
6,42,ny/eki_et_ptr_10505.txt
5,25,ny/eki_et_ptr_10506.txt
6,31,ny/eki_et_ptr_10507.txt
6,49,ny/eki_et_ptr_10508.txt
7,55,ny/eki_et_ptr_10509.txt
6,48,ny/eki_et_ptr_10510.txt
8,42,ny/eki_et_ptr_10511.txt
6,30,ny/eki_et_ptr_10512.txt
9,57,ny/eki_et_ptr_10513.txt
5,37,ny/eki_et_ptr_10514.txt
6,37,ny/eki_et_ptr_10515.txt
6,44,ny/eki_et_ptr_10516.txt
6,48,ny/eki_et_ptr_10517.txt
5,24,ny/eki_et_ptr_10518.txt
